// Autogenerated file. Do not edit.

#include <stdint.h>

const uint8_t mario_bin[32564] __attribute__((aligned(4)))  =
{
    0xCC, 0x1F, 0x00, 0x00, 0x40, 0x22, 0x21, 0x23, 0x00, 0x00, 0x00, 0x00,
    0xE8, 0x07, 0x74, 0x05, 0xAE, 0x01, 0x72, 0x0F, 0x81, 0x07, 0x27, 0x4B,
    0xCF, 0x11, 0x00, 0x00, 0x22, 0x21, 0x23, 0x22, 0x98, 0x06, 0x06, 0x05,
    0xB6, 0x88, 0x22, 0x1C, 0x01, 0x05, 0xB0, 0x50, 0x68, 0x13, 0x00, 0x00,
    0x00, 0x04, 0x8D, 0x05, 0x21, 0x23, 0x22, 0x21, 0xDC, 0xF1, 0x02, 0x00,
    0x00, 0x00, 0x8B, 0x49, 0x17, 0x14, 0x00, 0x00, 0x98, 0x06, 0x06, 0x05,
    0xB6, 0x88, 0x22, 0x1C, 0x23, 0x22, 0x21, 0x23, 0x01, 0x05, 0xB0, 0x50,
    0x68, 0x13, 0x00, 0x00, 0x00, 0x04, 0x41, 0x05, 0xD0, 0x50, 0x07, 0x00,
    0x00, 0x00, 0x94, 0x4D, 0x6F, 0x15, 0x00, 0x00, 0x22, 0x21, 0x27, 0x27,
    0x00, 0x04, 0x8D, 0x05, 0xDC, 0xF1, 0x02, 0x00, 0x8B, 0x49, 0x17, 0x14,
    0x8B, 0x49, 0x17, 0x14, 0x22, 0x21, 0x27, 0x22, 0x00, 0x04, 0x41, 0x05,
    0xD0, 0x50, 0x07, 0x00, 0x94, 0x4D, 0x6F, 0x15, 0x18, 0x00, 0x74, 0x05,
    0x21, 0x23, 0x22, 0x21, 0xAE, 0x41, 0x22, 0x31, 0x7F, 0xF8, 0x27, 0x4B,
    0xCF, 0x11, 0x00, 0x00, 0x00, 0x04, 0x41, 0x05, 0xD0, 0x50, 0x07, 0x00,
    0x23, 0x22, 0x21, 0x23, 0x00, 0x00, 0x94, 0x4D, 0x6F, 0x15, 0x00, 0x00,
    0x68, 0x01, 0x06, 0x05, 0xB6, 0x88, 0xE2, 0x23, 0xFF, 0xFA, 0xB0, 0x50,
    0x68, 0x13, 0x00, 0x00, 0x22, 0x21, 0x23, 0x22, 0x18, 0x00, 0x74, 0x05,
    0xAE, 0x41, 0x22, 0x31, 0x7F, 0xF8, 0x27, 0x4B, 0xCF, 0x11, 0x00, 0x00,
    0x40, 0x05, 0xFA, 0x04, 0x21, 0x23, 0x22, 0x21, 0x74, 0xA0, 0xCB, 0x19,
    0xEC, 0x03, 0x96, 0x53, 0x1E, 0x12, 0x00, 0x00, 0x07, 0x08, 0xDF, 0x04,
    0x78, 0x81, 0xEE, 0x14, 0x23, 0x22, 0x21, 0x23, 0xC5, 0x0C, 0x6F, 0x55,
    0x1B, 0x0E, 0x00, 0x00, 0x00, 0x04, 0xC8, 0x04, 0xE4, 0xD8, 0x08, 0x00,
    0x00, 0x00, 0x0D, 0x57, 0xC5, 0x11, 0x00, 0x00, 0x22, 0x21, 0x23, 0x22,
    0x07, 0x08, 0xDF, 0x04, 0x78, 0x81, 0xEE, 0x14, 0xC5, 0x0C, 0x6F, 0x55,
    0x1B, 0x0E, 0x00, 0x00, 0x00, 0x04, 0x59, 0x04, 0x21, 0x23, 0x22, 0x21,
    0xFC, 0x01, 0x0F, 0x00, 0x00, 0x00, 0xAF, 0x5E, 0xB3, 0x11, 0x00, 0x00,
    0x00, 0x04, 0xC8, 0x04, 0xE4, 0xD8, 0x08, 0x00, 0x27, 0x27, 0x22, 0x21,
    0x0D, 0x57, 0xC5, 0x11, 0x0D, 0x57, 0xC5, 0x11, 0x00, 0x04, 0x59, 0x04,
    0xFC, 0x01, 0x0F, 0x00, 0x27, 0x22, 0x21, 0x23, 0xAF, 0x5E, 0xB3, 0x11,
    0xF8, 0xFF, 0xDF, 0x04, 0x78, 0x81, 0x2E, 0x2B, 0x3B, 0xF3, 0x6F, 0x55,
    0x1B, 0x0E, 0x00, 0x00, 0x22, 0x21, 0x23, 0x22, 0x00, 0x04, 0x59, 0x04,
    0xFC, 0x01, 0x0F, 0x00, 0x00, 0x00, 0xAF, 0x5E, 0xB3, 0x11, 0x00, 0x00,
    0x10, 0x00, 0x60, 0x04, 0x21, 0x23, 0x22, 0x23, 0x78, 0x81, 0x2E, 0x2B,
    0x8B, 0xF3, 0x33, 0x5E, 0xA8, 0x0D, 0x00, 0x00, 0xF8, 0xFF, 0xDF, 0x04,
    0x3B, 0xF3, 0x6F, 0x55, 0x1B, 0x0E, 0x00, 0x00, 0x22, 0x21, 0x23, 0x22,
    0x70, 0x07, 0x26, 0x04, 0x74, 0x55, 0x3D, 0x13, 0xCF, 0x0A, 0x3C, 0x62,
    0x2A, 0x0D, 0x00, 0x00, 0x00, 0x04, 0x0F, 0x04, 0x21, 0x23, 0x22, 0x21,
    0xEC, 0xD9, 0x0D, 0x00, 0x00, 0x00, 0xDB, 0x63, 0x19, 0x10, 0x00, 0x00,
    0xF0, 0x07, 0x60, 0x04, 0x78, 0x81, 0xEE, 0x14, 0x23, 0x22, 0x21, 0x23,
    0x75, 0x0C, 0x33, 0x5E, 0xA8, 0x0D, 0x00, 0x00, 0x00, 0x04, 0x0F, 0x04,
    0xEC, 0xD9, 0x0D, 0x00, 0x00, 0x00, 0xDB, 0x63, 0x19, 0x10, 0x00, 0x00,
    0x22, 0x21, 0x27, 0x22, 0x00, 0x04, 0x59, 0x04, 0xFC, 0x01, 0x0F, 0x00,
    0xAF, 0x5E, 0xB3, 0x11, 0xF0, 0x07, 0x60, 0x04, 0x21, 0x23, 0x27, 0x22,
    0x78, 0x81, 0xEE, 0x14, 0x75, 0x0C, 0x33, 0x5E, 0xA8, 0x0D, 0x00, 0x00,
    0x33, 0x5E, 0xA8, 0x0D, 0x00, 0x04, 0x59, 0x04, 0x21, 0x23, 0x22, 0x21,
    0xFC, 0x01, 0x0F, 0x00, 0x00, 0x00, 0xAF, 0x5E, 0xB3, 0x11, 0x00, 0x00,
    0x07, 0x08, 0xDF, 0x04, 0x78, 0x81, 0xEE, 0x14, 0x23, 0x22, 0x21, 0x23,
    0xC5, 0x0C, 0x6F, 0x55, 0x1B, 0x0E, 0x00, 0x00, 0xE8, 0x07, 0x74, 0x05,
    0xAE, 0x01, 0x72, 0x0F, 0x81, 0x07, 0x27, 0x4B, 0xCF, 0x11, 0x00, 0x00,
    0x22, 0x21, 0x23, 0x22, 0x00, 0x04, 0x8D, 0x05, 0xDC, 0xF1, 0x02, 0x00,
    0x00, 0x00, 0x8B, 0x49, 0x17, 0x14, 0x00, 0x00, 0xF8, 0x05, 0xFC, 0x05,
    0x21, 0x23, 0x22, 0x21, 0x20, 0x09, 0xF6, 0x0A, 0xC5, 0x03, 0x33, 0x44,
    0x36, 0x10, 0x00, 0x00, 0x00, 0x04, 0x8D, 0x05, 0xDC, 0xF1, 0x02, 0x00,
    0x23, 0x22, 0x21, 0x23, 0x00, 0x00, 0x8B, 0x49, 0x17, 0x14, 0x00, 0x00,
    0x08, 0x02, 0xFC, 0x05, 0x20, 0x09, 0x16, 0x35, 0x3B, 0xFC, 0x33, 0x44,
    0x36, 0x10, 0x00, 0x00, 0x22, 0x21, 0x26, 0x22, 0xF8, 0x05, 0xFC, 0x05,
    0x20, 0x09, 0xF6, 0x0A, 0xC5, 0x03, 0x36, 0x10, 0x90, 0x00, 0x26, 0x04,
    0x21, 0x23, 0x22, 0x21, 0x74, 0x55, 0xDD, 0x2C, 0x31, 0xF5, 0x3C, 0x62,
    0x2A, 0x0D, 0x00, 0x00, 0x10, 0x00, 0x60, 0x04, 0x78, 0x81, 0x2E, 0x2B,
    0x23, 0x22, 0x21, 0x23, 0x8B, 0xF3, 0x33, 0x5E, 0xA8, 0x0D, 0x00, 0x00,
    0x00, 0x04, 0x0F, 0x04, 0xEC, 0xD9, 0x0D, 0x00, 0x00, 0x00, 0xDB, 0x63,
    0x19, 0x10, 0x00, 0x00, 0x22, 0x21, 0x23, 0x22, 0x10, 0x00, 0x60, 0x04,
    0x78, 0x81, 0x2E, 0x2B, 0x8B, 0xF3, 0x33, 0x5E, 0xA8, 0x0D, 0x00, 0x00,
    0x00, 0x04, 0x59, 0x04, 0x21, 0x23, 0x22, 0x21, 0xFC, 0x01, 0x0F, 0x00,
    0x00, 0x00, 0xAF, 0x5E, 0xB3, 0x11, 0x00, 0x00, 0x00, 0x04, 0x0F, 0x04,
    0xEC, 0xD9, 0x0D, 0x00, 0x27, 0x22, 0x21, 0x23, 0xDB, 0x63, 0x19, 0x10,
    0xF8, 0xFF, 0xDF, 0x04, 0x78, 0x81, 0x2E, 0x2B, 0x3B, 0xF3, 0x6F, 0x55,
    0x1B, 0x0E, 0x00, 0x00, 0x22, 0x21, 0x23, 0x22, 0xC0, 0x02, 0xFA, 0x04,
    0x74, 0xA0, 0x4B, 0x26, 0x14, 0xFC, 0x96, 0x53, 0x1E, 0x12, 0x00, 0x00,
    0x00, 0x04, 0xC8, 0x04, 0x21, 0x23, 0x22, 0x21, 0xE4, 0xD8, 0x08, 0x00,
    0x00, 0x00, 0x0D, 0x57, 0xC5, 0x11, 0x00, 0x00, 0x00, 0x04, 0x8D, 0x05,
    0xDC, 0xF1, 0x02, 0x00, 0x27, 0x22, 0x21, 0x23, 0x8B, 0x49, 0x17, 0x14,
    0x18, 0x00, 0x74, 0x05, 0xAE, 0x41, 0x22, 0x31, 0x7F, 0xF8, 0x27, 0x4B,
    0xCF, 0x11, 0x00, 0x00, 0x22, 0x21, 0x23, 0x22, 0x08, 0x02, 0xFC, 0x05,
    0x20, 0x09, 0x16, 0x35, 0x3B, 0xFC, 0x33, 0x44, 0x36, 0x10, 0x00, 0x00,
    0x40, 0x03, 0x22, 0x04, 0x21, 0x23, 0x22, 0x21, 0x8B, 0x11, 0x05, 0x00,
    0x00, 0x00, 0xAC, 0x45, 0x3C, 0x04, 0x00, 0x00, 0x40, 0x03, 0x04, 0x04,
    0xFC, 0x01, 0x0F, 0x00, 0x27, 0x22, 0x21, 0x23, 0x41, 0x4E, 0x54, 0x03,
    0xF8, 0x02, 0x24, 0x04, 0xC4, 0x65, 0x4F, 0x31, 0x63, 0xF9, 0x83, 0x45,
    0x9D, 0xFC, 0x00, 0x00, 0x22, 0x21, 0x23, 0x22, 0x40, 0x03, 0x04, 0x04,
    0xFC, 0x01, 0x0F, 0x00, 0x00, 0x00, 0x41, 0x4E, 0x54, 0x03, 0x00, 0x00,
    0x0E, 0x03, 0x05, 0x04, 0x21, 0x23, 0x22, 0x21, 0xFA, 0xE7, 0x5E, 0x20,
    0x75, 0xFA, 0x1D, 0x4E, 0x99, 0xFC, 0x00, 0x00, 0xF8, 0x02, 0x24, 0x04,
    0xC4, 0x65, 0x4F, 0x31, 0x23, 0x27, 0x22, 0x21, 0x63, 0xF9, 0x83, 0x45,
    0x9D, 0xFC, 0x00, 0x00, 0x83, 0x45, 0x9D, 0xFC, 0x0E, 0x03, 0x05, 0x04,
    0xFA, 0xE7, 0x5E, 0x20, 0x23, 0x22, 0x21, 0x23, 0x75, 0xFA, 0x1D, 0x4E,
    0x99, 0xFC, 0x00, 0x00, 0x40, 0x03, 0x23, 0x04, 0x23, 0x71, 0x09, 0x00,
    0x00, 0x00, 0x8B, 0x45, 0xC0, 0xF4, 0x00, 0x00, 0x22, 0x21, 0x23, 0x22,
    0x0E, 0x03, 0x05, 0x04, 0xFA, 0xE7, 0x5E, 0x20, 0x75, 0xFA, 0x1D, 0x4E,
    0x99, 0xFC, 0x00, 0x00, 0x40, 0x03, 0x05, 0x04, 0x21, 0x23, 0x22, 0x21,
    0x09, 0x7A, 0x0E, 0x00, 0x00, 0x00, 0x24, 0x4E, 0xED, 0xF6, 0x00, 0x00,
    0x40, 0x03, 0x23, 0x04, 0x23, 0x71, 0x09, 0x00, 0x27, 0x27, 0x22, 0x21,
    0x8B, 0x45, 0xC0, 0xF4, 0x8B, 0x45, 0xC0, 0xF4, 0x40, 0x03, 0x05, 0x04,
    0x09, 0x7A, 0x0E, 0x00, 0x27, 0x22, 0x21, 0x23, 0x24, 0x4E, 0xED, 0xF6,
    0x88, 0x03, 0x24, 0x04, 0xC4, 0x65, 0xCF, 0x0E, 0x9D, 0x06, 0x83, 0x45,
    0x9D, 0xFC, 0x00, 0x00, 0x22, 0x21, 0x23, 0x22, 0x40, 0x03, 0x05, 0x04,
    0x09, 0x7A, 0x0E, 0x00, 0x00, 0x00, 0x24, 0x4E, 0xED, 0xF6, 0x00, 0x00,
    0x70, 0x03, 0x05, 0x04, 0x21, 0x23, 0x22, 0x21, 0xFA, 0xE7, 0xBE, 0x1F,
    0x8B, 0x05, 0x1D, 0x4E, 0x99, 0xFC, 0x00, 0x00, 0x88, 0x03, 0x24, 0x04,
    0xC4, 0x65, 0xCF, 0x0E, 0x23, 0x27, 0x22, 0x21, 0x9D, 0x06, 0x83, 0x45,
    0x9D, 0xFC, 0x00, 0x00, 0x83, 0x45, 0x9D, 0xFC, 0x70, 0x03, 0x05, 0x04,
    0xFA, 0xE7, 0xBE, 0x1F, 0x23, 0x22, 0x21, 0x23, 0x8B, 0x05, 0x1D, 0x4E,
    0x99, 0xFC, 0x00, 0x00, 0x40, 0x03, 0x22, 0x04, 0x8B, 0x11, 0x05, 0x00,
    0x00, 0x00, 0xAC, 0x45, 0x3C, 0x04, 0x00, 0x00, 0x22, 0x21, 0x23, 0x22,
    0x70, 0x03, 0x05, 0x04, 0xFA, 0xE7, 0xBE, 0x1F, 0x8B, 0x05, 0x1D, 0x4E,
    0x99, 0xFC, 0x00, 0x00, 0x40, 0x03, 0x04, 0x04, 0x21, 0x23, 0x22, 0x21,
    0xFC, 0x01, 0x0F, 0x00, 0x00, 0x00, 0x41, 0x4E, 0x54, 0x03, 0x00, 0x00,
    0x40, 0x03, 0x22, 0x04, 0x8B, 0x11, 0x05, 0x00, 0x27, 0x22, 0x21, 0x23,
    0xAC, 0x45, 0x3C, 0x04, 0x84, 0x06, 0x5F, 0x04, 0xB4, 0x03, 0xAA, 0x14,
    0xEF, 0x10, 0x51, 0x39, 0x89, 0xF8, 0x00, 0x00, 0x22, 0x21, 0x23, 0x22,
    0x38, 0x06, 0x4C, 0x04, 0x06, 0x10, 0xE7, 0x0E, 0x7C, 0x0F, 0xB3, 0x41,
    0x6B, 0xF6, 0x00, 0x00, 0x82, 0x06, 0x16, 0x05, 0x21, 0x23, 0x22, 0x21,
    0x18, 0x10, 0x84, 0x24, 0x6E, 0x1A, 0xFD, 0x39, 0x90, 0xF8, 0x00, 0x00,
    0x38, 0x06, 0x4C, 0x04, 0x06, 0x10, 0xE7, 0x0E, 0x23, 0x22, 0x21, 0x23,
    0x7C, 0x0F, 0xB3, 0x41, 0x6B, 0xF6, 0x00, 0x00, 0x38, 0x06, 0x1C, 0x05,
    0x08, 0x78, 0x87, 0x0B, 0xE7, 0x1A, 0xD1, 0x41, 0x8E, 0xF6, 0x00, 0x00,
    0x22, 0x21, 0x23, 0x27, 0x82, 0x06, 0x16, 0x05, 0x18, 0x10, 0x84, 0x24,
    0x6E, 0x1A, 0xFD, 0x39, 0x90, 0xF8, 0x00, 0x00, 0xFD, 0x39, 0x90, 0xF8,
    0x22, 0x21, 0x23, 0x22, 0x38, 0x06, 0x1C, 0x05, 0x08, 0x78, 0x87, 0x0B,
    0xE7, 0x1A, 0xD1, 0x41, 0x8E, 0xF6, 0x00, 0x00, 0x82, 0x06, 0x1B, 0x05,
    0x21, 0x23, 0x22, 0x21, 0x21, 0xF0, 0xBA, 0x18, 0xC4, 0x1A, 0x07, 0x3A,
    0x90, 0xF8, 0x00, 0x00, 0x38, 0x06, 0x1C, 0x05, 0x08, 0x78, 0x87, 0x0B,
    0x23, 0x22, 0x21, 0x23, 0xE7, 0x1A, 0xD1, 0x41, 0x8E, 0xF6, 0x00, 0x00,
    0x38, 0x06, 0x21, 0x05, 0x06, 0x84, 0xC8, 0x34, 0x4B, 0x1B, 0xCF, 0x41,
    0x90, 0xF6, 0x00, 0x00, 0x22, 0x21, 0x23, 0x27, 0x82, 0x06, 0x1B, 0x05,
    0x21, 0xF0, 0xBA, 0x18, 0xC4, 0x1A, 0x07, 0x3A, 0x90, 0xF8, 0x00, 0x00,
    0x07, 0x3A, 0x90, 0xF8, 0x22, 0x21, 0x23, 0x22, 0x38, 0x06, 0x21, 0x05,
    0x06, 0x84, 0xC8, 0x34, 0x4B, 0x1B, 0xCF, 0x41, 0x90, 0xF6, 0x00, 0x00,
    0x80, 0x06, 0xAC, 0x05, 0x21, 0x23, 0x22, 0x21, 0x21, 0xF0, 0xBA, 0x18,
    0x32, 0x26, 0x86, 0x3A, 0x7F, 0xF8, 0x00, 0x00, 0x38, 0x06, 0x21, 0x05,
    0x06, 0x84, 0xC8, 0x34, 0x23, 0x22, 0x23, 0x22, 0x4B, 0x1B, 0xCF, 0x41,
    0x90, 0xF6, 0x00, 0x00, 0x38, 0x06, 0xAE, 0x05, 0x60, 0x26, 0xA4, 0x41,
    0x89, 0xF6, 0x00, 0x00, 0x80, 0x06, 0xAC, 0x05, 0x21, 0x23, 0x22, 0x21,
    0x21, 0xF0, 0xBA, 0x18, 0x32, 0x26, 0x86, 0x3A, 0x7F, 0xF8, 0x00, 0x00,
    0xC8, 0x06, 0x1C, 0x05, 0x20, 0xE4, 0x8A, 0x18, 0x23, 0x22, 0x21, 0x23,
    0x23, 0xE5, 0x85, 0x39, 0xF5, 0xFE, 0x00, 0x00, 0xDD, 0x06, 0xAC, 0x05,
    0xF7, 0x5B, 0x24, 0x25, 0xB4, 0xD9, 0x96, 0x3A, 0x9C, 0x00, 0x00, 0x00,
    0x22, 0x21, 0x23, 0x22, 0x82, 0x06, 0x1C, 0x05, 0x21, 0xF0, 0x5A, 0x27,
    0x3C, 0xE5, 0x07, 0x3A, 0x90, 0xF8, 0x00, 0x00, 0xDD, 0x06, 0xAC, 0x05,
    0x21, 0x23, 0x22, 0x21, 0xF7, 0x5B, 0x24, 0x25, 0xB4, 0xD9, 0x96, 0x3A,
    0x9C, 0x00, 0x00, 0x00, 0x80, 0x06, 0xAC, 0x05, 0x21, 0xF0, 0x5A, 0x27,
    0x23, 0x22, 0x23, 0x27, 0xCE, 0xD9, 0x86, 0x3A, 0x7F, 0xF8, 0x00, 0x00,
    0x82, 0x06, 0x1C, 0x05, 0x3C, 0xE5, 0x07, 0x3A, 0x90, 0xF8, 0x00, 0x00,
    0x07, 0x3A, 0x90, 0xF8, 0x22, 0x23, 0x22, 0x21, 0x80, 0x06, 0xAC, 0x05,
    0xCE, 0xD9, 0x86, 0x3A, 0x7F, 0xF8, 0x00, 0x00, 0x39, 0x06, 0x23, 0x05,
    0x06, 0x84, 0x48, 0x0B, 0x23, 0x22, 0x21, 0x23, 0xB5, 0xE4, 0xCF, 0x41,
    0x90, 0xF6, 0x00, 0x00, 0x80, 0x06, 0xAC, 0x05, 0x21, 0xF0, 0x5A, 0x27,
    0xCE, 0xD9, 0x86, 0x3A, 0x7F, 0xF8, 0x00, 0x00, 0x22, 0x21, 0x23, 0x22,
    0x39, 0x06, 0xAC, 0x05, 0x06, 0x84, 0x48, 0x0B, 0xA0, 0xD9, 0xA4, 0x41,
    0x89, 0xF6, 0x00, 0x00, 0x39, 0x06, 0x23, 0x05, 0x23, 0x27, 0x22, 0x23,
    0xB5, 0xE4, 0xCF, 0x41, 0x90, 0xF6, 0x00, 0x00, 0xCF, 0x41, 0x90, 0xF6,
    0x39, 0x06, 0xAC, 0x05, 0xA0, 0xD9, 0xA4, 0x41, 0x89, 0xF6, 0x00, 0x00,
    0x22, 0x21, 0x23, 0x22, 0xF2, 0x05, 0x28, 0x05, 0x02, 0x04, 0x4F, 0x20,
    0x41, 0xE4, 0x3D, 0x46, 0x39, 0xFD, 0x00, 0x00, 0x39, 0x06, 0xAC, 0x05,
    0x21, 0x23, 0x22, 0x21, 0x06, 0x84, 0x48, 0x0B, 0xA0, 0xD9, 0xA4, 0x41,
    0x89, 0xF6, 0x00, 0x00, 0xF2, 0x05, 0xAE, 0x05, 0x06, 0x08, 0xF0, 0x1F,
    0x23, 0x22, 0x21, 0x23, 0xB7, 0xD9, 0x27, 0x46, 0x0C, 0xFD, 0x00, 0x00,
    0xF2, 0x05, 0x28, 0x05, 0x02, 0x04, 0x4F, 0x20, 0x41, 0xE4, 0x3D, 0x46,
    0x39, 0xFD, 0x00, 0x00, 0x22, 0x21, 0x23, 0x22, 0x76, 0x03, 0xDE, 0x07,
    0x00, 0xFC, 0x07, 0x00, 0x3C, 0xF0, 0x00, 0x00, 0xB2, 0xF8, 0x00, 0x00,
    0xC7, 0x03, 0xCB, 0x07, 0x26, 0x22, 0x26, 0x22, 0x91, 0xFE, 0x0A, 0xFA,
    0x66, 0x03, 0x29, 0x07, 0xDB, 0xEE, 0x76, 0x0B, 0xC7, 0x03, 0xCB, 0x07,
    0x26, 0x22, 0x26, 0x22, 0x91, 0xFE, 0x0A, 0xFA, 0xC3, 0x03, 0x23, 0x07,
    0x15, 0xFE, 0x44, 0x0B, 0x66, 0x03, 0x29, 0x07, 0x26, 0x27, 0x22, 0x26,
    0xDB, 0xEE, 0x76, 0x0B, 0x00, 0x00, 0x76, 0x0B, 0xC3, 0x03, 0x23, 0x07,
    0x15, 0xFE, 0x44, 0x0B, 0x22, 0x26, 0x22, 0x26, 0x7E, 0x03, 0x14, 0x07,
    0xC7, 0xF2, 0x3F, 0x11, 0xC3, 0x03, 0x23, 0x07, 0x15, 0xFE, 0x44, 0x0B,
    0x22, 0x26, 0x22, 0x26, 0xAD, 0x03, 0x14, 0x07, 0x64, 0xFA, 0x26, 0x11,
    0x7E, 0x03, 0x14, 0x07, 0xC7, 0xF2, 0x3F, 0x11, 0x22, 0x26, 0x22, 0x26,
    0xC7, 0x03, 0xCB, 0x07, 0x6F, 0x01, 0x0A, 0xFA, 0x76, 0x03, 0xDE, 0x07,
    0xC4, 0x0F, 0xB2, 0xF8, 0x22, 0x26, 0x22, 0x26, 0xC3, 0x03, 0x23, 0x07,
    0xEB, 0x01, 0x44, 0x0B, 0x76, 0x03, 0xDE, 0x07, 0xC4, 0x0F, 0xB2, 0xF8,
    0x22, 0x26, 0x22, 0x26, 0x66, 0x03, 0x29, 0x07, 0x25, 0x11, 0x76, 0x0B,
    0xC3, 0x03, 0x23, 0x07, 0xEB, 0x01, 0x44, 0x0B, 0x27, 0x22, 0x26, 0x22,
    0x00, 0x00, 0x44, 0x0B, 0x66, 0x03, 0x29, 0x07, 0x25, 0x11, 0x76, 0x0B,
    0xAD, 0x03, 0x14, 0x07, 0x26, 0x22, 0x26, 0x22, 0x9C, 0x05, 0x26, 0x11,
    0x66, 0x03, 0x29, 0x07, 0x25, 0x11, 0x76, 0x0B, 0x7E, 0x03, 0x14, 0x07,
    0x26, 0x22, 0x26, 0x22, 0x39, 0x0D, 0x3F, 0x11, 0xAD, 0x03, 0x14, 0x07,
    0x9C, 0x05, 0x26, 0x11, 0x82, 0x06, 0x1C, 0x05, 0x21, 0x23, 0x22, 0x21,
    0x21, 0xF0, 0x5A, 0x27, 0x3C, 0xE5, 0x07, 0x3A, 0x90, 0xF8, 0x00, 0x00,
    0x39, 0x06, 0x23, 0x05, 0x06, 0x84, 0x48, 0x0B, 0x23, 0x22, 0x21, 0x23,
    0xB5, 0xE4, 0xCF, 0x41, 0x90, 0xF6, 0x00, 0x00, 0x82, 0x06, 0x16, 0x05,
    0x18, 0x10, 0x84, 0x1B, 0x92, 0xE5, 0xFD, 0x39, 0x90, 0xF8, 0x00, 0x00,
    0x22, 0x21, 0x23, 0x22, 0x39, 0x06, 0x23, 0x05, 0x06, 0x84, 0x48, 0x0B,
    0xB5, 0xE4, 0xCF, 0x41, 0x90, 0xF6, 0x00, 0x00, 0x39, 0x06, 0x1C, 0x05,
    0x21, 0x23, 0x22, 0x21, 0x08, 0x78, 0x87, 0x34, 0x19, 0xE5, 0xD1, 0x41,
    0x8E, 0xF6, 0x00, 0x00, 0x82, 0x06, 0x16, 0x05, 0x18, 0x10, 0x84, 0x1B,
    0x23, 0x27, 0x22, 0x21, 0x92, 0xE5, 0xFD, 0x39, 0x90, 0xF8, 0x00, 0x00,
    0xFD, 0x39, 0x90, 0xF8, 0x39, 0x06, 0x1C, 0x05, 0x08, 0x78, 0x87, 0x34,
    0x23, 0x22, 0x21, 0x23, 0x19, 0xE5, 0xD1, 0x41, 0x8E, 0xF6, 0x00, 0x00,
    0x83, 0x06, 0x5E, 0x04, 0xB4, 0x03, 0x6A, 0x2B, 0x11, 0xEF, 0x51, 0x39,
    0x89, 0xF8, 0x00, 0x00, 0x22, 0x21, 0x23, 0x22, 0x39, 0x06, 0x1C, 0x05,
    0x08, 0x78, 0x87, 0x34, 0x19, 0xE5, 0xD1, 0x41, 0x8E, 0xF6, 0x00, 0x00,
    0x38, 0x06, 0x4C, 0x04, 0x21, 0x23, 0x22, 0x21, 0x06, 0x10, 0x27, 0x31,
    0x84, 0xF0, 0xB3, 0x41, 0x6B, 0xF6, 0x00, 0x00, 0x83, 0x06, 0x5E, 0x04,
    0xB4, 0x03, 0x6A, 0x2B, 0x23, 0x22, 0x21, 0x23, 0x11, 0xEF, 0x51, 0x39,
    0x89, 0xF8, 0x00, 0x00, 0x9C, 0x05, 0x0E, 0x07, 0x58, 0x69, 0x45, 0x36,
    0x09, 0xFD, 0xF4, 0x4A, 0x0E, 0x14, 0x00, 0x00, 0x22, 0x21, 0x23, 0x22,
    0xDB, 0x05, 0x1E, 0x07, 0xA6, 0x8D, 0x04, 0x00, 0x00, 0x00, 0xAD, 0x4B,
    0x32, 0x15, 0x00, 0x00, 0x71, 0x05, 0x4E, 0x07, 0x21, 0x23, 0x22, 0x21,
    0xD0, 0x81, 0x02, 0x37, 0xFD, 0xFA, 0x1F, 0x4E, 0x4E, 0x16, 0x00, 0x00,
    0xDB, 0x05, 0x1E, 0x07, 0xA6, 0x8D, 0x04, 0x00, 0x23, 0x22, 0x21, 0x23,
    0x00, 0x00, 0xAD, 0x4B, 0x32, 0x15, 0x00, 0x00, 0x71, 0x05, 0x4E, 0x07,
    0xD0, 0x81, 0x02, 0x09, 0x03, 0x05, 0x1F, 0x4E, 0x4E, 0x16, 0x00, 0x00,
    0x21, 0x26, 0x27, 0x21, 0xD0, 0x81, 0x02, 0x37, 0xFD, 0xFA, 0x4E, 0x16,
    0x1F, 0x4E, 0x4E, 0x16, 0xD0, 0x81, 0x02, 0x09, 0x26, 0x22, 0x21, 0x23,
    0x03, 0x05, 0x4E, 0x16, 0xDB, 0x05, 0x6E, 0x07, 0xDC, 0x72, 0x09, 0x00,
    0x00, 0x00, 0xB5, 0x4F, 0x80, 0x15, 0x00, 0x00, 0x22, 0x21, 0x23, 0x22,
    0x71, 0x05, 0x4E, 0x07, 0xD0, 0x81, 0x02, 0x09, 0x03, 0x05, 0x1F, 0x4E,
    0x4E, 0x16, 0x00, 0x00, 0xF9, 0x04, 0x8E, 0x07, 0x21, 0x23, 0x22, 0x21,
    0x64, 0x81, 0xCF, 0x16, 0xAA, 0x0A, 0x4A, 0x51, 0x38, 0x13, 0x00, 0x00,
    0xDB, 0x05, 0x6E, 0x07, 0xDC, 0x72, 0x09, 0x00, 0x23, 0x27, 0x22, 0x21,
    0x00, 0x00, 0xB5, 0x4F, 0x80, 0x15, 0x00, 0x00, 0xB5, 0x4F, 0x80, 0x15,
    0xF9, 0x04, 0x8E, 0x07, 0x64, 0x81, 0xCF, 0x16, 0x23, 0x22, 0x21, 0x23,
    0xAA, 0x0A, 0x4A, 0x51, 0x38, 0x13, 0x00, 0x00, 0xC8, 0x04, 0xE6, 0x07,
    0xB0, 0x08, 0x49, 0x0B, 0xFC, 0x0C, 0xB6, 0x55, 0x16, 0x0E, 0x00, 0x00,
    0x22, 0x21, 0x23, 0x22, 0xF9, 0x04, 0x8E, 0x07, 0x64, 0x81, 0xCF, 0x16,
    0xAA, 0x0A, 0x4A, 0x51, 0x38, 0x13, 0x00, 0x00, 0xB2, 0x04, 0xAE, 0x07,
    0x21, 0x23, 0x22, 0x21, 0xAC, 0x0E, 0x81, 0x17, 0x04, 0x0E, 0xED, 0x52,
    0xF6, 0x0D, 0x00, 0x00, 0xC8, 0x04, 0xE6, 0x07, 0xB0, 0x08, 0x49, 0x0B,
    0x23, 0x27, 0x22, 0x21, 0xFC, 0x0C, 0xB6, 0x55, 0x16, 0x0E, 0x00, 0x00,
    0xB6, 0x55, 0x16, 0x0E, 0xB2, 0x04, 0xAE, 0x07, 0xAC, 0x0E, 0x81, 0x17,
    0x23, 0x22, 0x21, 0x23, 0x04, 0x0E, 0xED, 0x52, 0xF6, 0x0D, 0x00, 0x00,
    0xDB, 0x05, 0x6E, 0x07, 0xDC, 0x72, 0x09, 0x00, 0x00, 0x00, 0xB5, 0x4F,
    0x80, 0x15, 0x00, 0x00, 0x22, 0x21, 0x23, 0x22, 0xB2, 0x04, 0xAE, 0x07,
    0xAC, 0x0E, 0x81, 0x17, 0x04, 0x0E, 0xED, 0x52, 0xF6, 0x0D, 0x00, 0x00,
    0xC7, 0x04, 0x74, 0x07, 0x21, 0x23, 0x22, 0x21, 0xC9, 0x03, 0xF7, 0x0E,
    0x11, 0x0D, 0xFC, 0x4F, 0x0A, 0x0F, 0x00, 0x00, 0xDB, 0x05, 0x6E, 0x07,
    0xDC, 0x72, 0x09, 0x00, 0x23, 0x27, 0x22, 0x21, 0x00, 0x00, 0xB5, 0x4F,
    0x80, 0x15, 0x00, 0x00, 0xB5, 0x4F, 0x80, 0x15, 0xC7, 0x04, 0x74, 0x07,
    0xC9, 0x03, 0xF7, 0x0E, 0x23, 0x22, 0x21, 0x23, 0x11, 0x0D, 0xFC, 0x4F,
    0x0A, 0x0F, 0x00, 0x00, 0xF4, 0x04, 0x69, 0x07, 0x7B, 0x2C, 0xC6, 0x12,
    0xE1, 0x0A, 0x7A, 0x4F, 0x35, 0x11, 0x00, 0x00, 0x22, 0x21, 0x23, 0x22,
    0xC7, 0x04, 0x74, 0x07, 0xC9, 0x03, 0xF7, 0x0E, 0x11, 0x0D, 0xFC, 0x4F,
    0x0A, 0x0F, 0x00, 0x00, 0xF9, 0x04, 0x8E, 0x07, 0x21, 0x23, 0x22, 0x21,
    0x64, 0x81, 0xCF, 0x16, 0xAA, 0x0A, 0x4A, 0x51, 0x38, 0x13, 0x00, 0x00,
    0xF4, 0x04, 0x69, 0x07, 0x7B, 0x2C, 0xC6, 0x12, 0x23, 0x27, 0x22, 0x21,
    0xE1, 0x0A, 0x7A, 0x4F, 0x35, 0x11, 0x00, 0x00, 0x7A, 0x4F, 0x35, 0x11,
    0xF9, 0x04, 0x8E, 0x07, 0x64, 0x81, 0xCF, 0x16, 0x23, 0x22, 0x21, 0x23,
    0xAA, 0x0A, 0x4A, 0x51, 0x38, 0x13, 0x00, 0x00, 0x11, 0x05, 0x33, 0x07,
    0x2B, 0x21, 0x04, 0x14, 0x94, 0x09, 0xB9, 0x4C, 0xB7, 0x11, 0x00, 0x00,
    0x22, 0x21, 0x23, 0x22, 0xF9, 0x04, 0x8E, 0x07, 0x64, 0x81, 0xCF, 0x16,
    0xAA, 0x0A, 0x4A, 0x51, 0x38, 0x13, 0x00, 0x00, 0x71, 0x05, 0x4E, 0x07,
    0x21, 0x23, 0x22, 0x21, 0xD0, 0x81, 0x02, 0x09, 0x03, 0x05, 0x1F, 0x4E,
    0x4E, 0x16, 0x00, 0x00, 0x11, 0x05, 0x33, 0x07, 0x2B, 0x21, 0x04, 0x14,
    0x23, 0x27, 0x22, 0x21, 0x94, 0x09, 0xB9, 0x4C, 0xB7, 0x11, 0x00, 0x00,
    0xB9, 0x4C, 0xB7, 0x11, 0x71, 0x05, 0x4E, 0x07, 0xD0, 0x81, 0x02, 0x09,
    0x23, 0x22, 0x21, 0x23, 0x03, 0x05, 0x1F, 0x4E, 0x4E, 0x16, 0x00, 0x00,
    0x5E, 0x05, 0x29, 0x07, 0x1E, 0xD1, 0xB5, 0x0C, 0xE0, 0x05, 0x38, 0x4C,
    0x37, 0x13, 0x00, 0x00, 0x22, 0x21, 0x23, 0x22, 0x71, 0x05, 0x4E, 0x07,
    0xD0, 0x81, 0x02, 0x09, 0x03, 0x05, 0x1F, 0x4E, 0x4E, 0x16, 0x00, 0x00,
    0x9C, 0x05, 0x0E, 0x07, 0x21, 0x23, 0x22, 0x21, 0x58, 0x69, 0xC5, 0x09,
    0xF7, 0x02, 0xF4, 0x4A, 0x0E, 0x14, 0x00, 0x00, 0x5E, 0x05, 0x29, 0x07,
    0x1E, 0xD1, 0xB5, 0x0C, 0x23, 0x22, 0x21, 0x23, 0xE0, 0x05, 0x38, 0x4C,
    0x37, 0x13, 0x00, 0x00, 0x02, 0x06, 0x21, 0x07, 0x21, 0x84, 0xCA, 0x28,
    0x4D, 0x26, 0x49, 0x45, 0x8B, 0xF5, 0x00, 0x00, 0x22, 0x21, 0x23, 0x22,
    0xEB, 0x05, 0x69, 0x07, 0x26, 0x51, 0xCE, 0x26, 0x84, 0x28, 0x22, 0x46,
    0x04, 0xFD, 0x00, 0x00, 0x4E, 0x06, 0x0C, 0x07, 0x21, 0x23, 0x22, 0x21,
    0xFE, 0x03, 0x58, 0x01, 0x4D, 0x26, 0x4D, 0x3D, 0xC1, 0xF3, 0x00, 0x00,
    0xEB, 0x05, 0x69, 0x07, 0x26, 0x51, 0xCE, 0x26, 0x23, 0x22, 0x21, 0x23,
    0x84, 0x28, 0x22, 0x46, 0x04, 0xFD, 0x00, 0x00, 0x1B, 0x06, 0x1C, 0x07,
    0xD0, 0xB4, 0x08, 0x3E, 0x97, 0x28, 0x9B, 0x41, 0x88, 0xF6, 0x00, 0x00,
    0x22, 0x21, 0x23, 0x27, 0x4E, 0x06, 0x0C, 0x07, 0xFE, 0x03, 0x58, 0x01,
    0x4D, 0x26, 0x4D, 0x3D, 0xC1, 0xF3, 0x00, 0x00, 0x4D, 0x3D, 0xC1, 0xF3,
    0x22, 0x21, 0x23, 0x22, 0x1B, 0x06, 0x1C, 0x07, 0xD0, 0xB4, 0x08, 0x3E,
    0x97, 0x28, 0x9B, 0x41, 0x88, 0xF6, 0x00, 0x00, 0x8B, 0x06, 0x39, 0x07,
    0x21, 0x23, 0x22, 0x21, 0xDC, 0xC8, 0x7B, 0x17, 0x4D, 0x26, 0x0D, 0x38,
    0x10, 0xF8, 0x00, 0x00, 0x1B, 0x06, 0x1C, 0x07, 0xD0, 0xB4, 0x08, 0x3E,
    0x23, 0x22, 0x21, 0x23, 0x97, 0x28, 0x9B, 0x41, 0x88, 0xF6, 0x00, 0x00,
    0x8D, 0x06, 0x33, 0x07, 0x7C, 0x71, 0xCD, 0x12, 0x82, 0x28, 0xAA, 0x3A,
    0x7E, 0xF8, 0x00, 0x00, 0x22, 0x21, 0x23, 0x27, 0x8B, 0x06, 0x39, 0x07,
    0xDC, 0xC8, 0x7B, 0x17, 0x4D, 0x26, 0x0D, 0x38, 0x10, 0xF8, 0x00, 0x00,
    0x0D, 0x38, 0x10, 0xF8, 0x22, 0x21, 0x23, 0x22, 0x8D, 0x06, 0x33, 0x07,
    0x7C, 0x71, 0xCD, 0x12, 0x82, 0x28, 0xAA, 0x3A, 0x7E, 0xF8, 0x00, 0x00,
    0x8D, 0x06, 0x96, 0x07, 0x21, 0x23, 0x22, 0x21, 0xC7, 0xC0, 0x62, 0x1B,
    0x4D, 0x26, 0x21, 0x38, 0x3F, 0x01, 0x00, 0x00, 0x8D, 0x06, 0x33, 0x07,
    0x7C, 0x71, 0xCD, 0x12, 0x23, 0x22, 0x21, 0x23, 0x82, 0x28, 0xAA, 0x3A,
    0x7E, 0xF8, 0x00, 0x00, 0x8D, 0x06, 0xA1, 0x07, 0x42, 0xFD, 0xE4, 0x0E,
    0xB1, 0x28, 0xD4, 0x3A, 0xDB, 0x00, 0x00, 0x00, 0x22, 0x21, 0x23, 0x27,
    0x8D, 0x06, 0x96, 0x07, 0xC7, 0xC0, 0x62, 0x1B, 0x4D, 0x26, 0x21, 0x38,
    0x3F, 0x01, 0x00, 0x00, 0x21, 0x38, 0x3F, 0x01, 0x22, 0x21, 0x23, 0x22,
    0x8D, 0x06, 0xA1, 0x07, 0x42, 0xFD, 0xE4, 0x0E, 0xB1, 0x28, 0xD4, 0x3A,
    0xDB, 0x00, 0x00, 0x00, 0x52, 0x06, 0xCC, 0x07, 0x21, 0x23, 0x22, 0x21,
    0x66, 0x7C, 0x47, 0x09, 0x4D, 0x26, 0x49, 0x3D, 0x77, 0x05, 0x00, 0x00,
    0x8D, 0x06, 0xA1, 0x07, 0x42, 0xFD, 0xE4, 0x0E, 0x23, 0x22, 0x21, 0x23,
    0xB1, 0x28, 0xD4, 0x3A, 0xDB, 0x00, 0x00, 0x00, 0x04, 0x06, 0xBB, 0x07,
    0x4E, 0xBC, 0x86, 0x2F, 0x4D, 0x26, 0x47, 0x45, 0xB3, 0x03, 0x00, 0x00,
    0x22, 0x21, 0x27, 0x27, 0x52, 0x06, 0xCC, 0x07, 0x66, 0x7C, 0x47, 0x09,
    0x49, 0x3D, 0x77, 0x05, 0x49, 0x3D, 0x77, 0x05, 0x22, 0x21, 0x27, 0x22,
    0x04, 0x06, 0xBB, 0x07, 0x4E, 0xBC, 0x86, 0x2F, 0x47, 0x45, 0xB3, 0x03,
    0x24, 0x06, 0xC6, 0x07, 0x21, 0x23, 0x22, 0x21, 0x31, 0x4E, 0xA3, 0x3C,
    0x5A, 0x24, 0xBF, 0x41, 0xD1, 0x04, 0x00, 0x00, 0x04, 0x06, 0xBB, 0x07,
    0x4E, 0xBC, 0x86, 0x2F, 0x23, 0x22, 0x21, 0x23, 0x4D, 0x26, 0x47, 0x45,
    0xB3, 0x03, 0x00, 0x00, 0xEB, 0x05, 0x69, 0x07, 0x8C, 0x26, 0x10, 0x2A,
    0x5A, 0x24, 0x97, 0x47, 0x1E, 0xFD, 0x00, 0x00, 0x22, 0x21, 0x27, 0x27,
    0x24, 0x06, 0xC6, 0x07, 0x31, 0x4E, 0xA3, 0x3C, 0xBF, 0x41, 0xD1, 0x04,
    0xBF, 0x41, 0xD1, 0x04, 0x22, 0x21, 0x27, 0x22, 0xEB, 0x05, 0x69, 0x07,
    0x8C, 0x26, 0x10, 0x2A, 0x97, 0x47, 0x1E, 0xFD, 0x20, 0x06, 0x20, 0x07,
    0x21, 0x27, 0x22, 0x21, 0x35, 0x9A, 0x0C, 0x3C, 0xDF, 0x41, 0x65, 0xF5,
    0xEB, 0x05, 0x2B, 0x06, 0x5D, 0x73, 0x08, 0x00, 0x23, 0x22, 0x21, 0x23,
    0x00, 0x00, 0x9C, 0x20, 0xB1, 0xF8, 0x00, 0x00, 0xEC, 0x05, 0x76, 0x06,
    0x15, 0xC8, 0xDA, 0x27, 0x76, 0xFE, 0x6D, 0x17, 0x05, 0xF6, 0x00, 0x00,
    0x22, 0x21, 0x23, 0x22, 0x53, 0x06, 0x19, 0x06, 0xF4, 0x03, 0x88, 0x00,
    0x57, 0xF7, 0x25, 0x21, 0x14, 0xF5, 0x00, 0x00, 0xEC, 0x05, 0x76, 0x06,
    0x21, 0x23, 0x22, 0x21, 0x15, 0xC8, 0xDA, 0x27, 0x76, 0xFE, 0x6D, 0x17,
    0x05, 0xF6, 0x00, 0x00, 0x96, 0x06, 0x6E, 0x06, 0xE3, 0x3B, 0xE9, 0x10,
    0x23, 0x22, 0x21, 0x23, 0x74, 0xF1, 0x03, 0x18, 0x06, 0xF5, 0x00, 0x00,
    0x53, 0x06, 0x19, 0x06, 0xF4, 0x03, 0x88, 0x00, 0x57, 0xF7, 0x25, 0x21,
    0x14, 0xF5, 0x00, 0x00, 0x27, 0x22, 0x21, 0x23, 0x25, 0x21, 0x14, 0xF5,
    0x96, 0x06, 0x6E, 0x06, 0xE3, 0x3B, 0xE9, 0x10, 0x74, 0xF1, 0x03, 0x18,
    0x06, 0xF5, 0x00, 0x00, 0x22, 0x21, 0x23, 0x22, 0xC2, 0x06, 0xFB, 0x05,
    0x33, 0x10, 0xAC, 0x1B, 0xC7, 0xEF, 0x52, 0x24, 0x1E, 0xF9, 0x00, 0x00,
    0x96, 0x06, 0x6E, 0x06, 0x21, 0x23, 0x22, 0x21, 0xE3, 0x3B, 0xE9, 0x10,
    0x74, 0xF1, 0x03, 0x18, 0x06, 0xF5, 0x00, 0x00, 0xED, 0x06, 0x76, 0x06,
    0x07, 0xD0, 0xC0, 0x1F, 0x23, 0x22, 0x21, 0x23, 0xA5, 0xEE, 0xA3, 0x15,
    0x81, 0xFE, 0x00, 0x00, 0xC2, 0x06, 0xFB, 0x05, 0x33, 0x10, 0xAC, 0x1B,
    0xC7, 0xEF, 0x52, 0x24, 0x1E, 0xF9, 0x00, 0x00, 0x27, 0x22, 0x21, 0x23,
    0x52, 0x24, 0x1E, 0xF9, 0xED, 0x06, 0x76, 0x06, 0x07, 0xD0, 0xC0, 0x1F,
    0xA5, 0xEE, 0xA3, 0x15, 0x81, 0xFE, 0x00, 0x00, 0x22, 0x21, 0x23, 0x22,
    0x03, 0x07, 0xF4, 0x05, 0x86, 0x60, 0xC3, 0x1B, 0xFC, 0xEE, 0x85, 0x24,
    0x14, 0x02, 0x00, 0x00, 0xED, 0x06, 0x76, 0x06, 0x21, 0x23, 0x22, 0x21,
    0x07, 0xD0, 0xC0, 0x1F, 0xA5, 0xEE, 0xA3, 0x15, 0x81, 0xFE, 0x00, 0x00,
    0x58, 0x07, 0x6C, 0x06, 0x23, 0x90, 0x47, 0x0A, 0x23, 0x22, 0x21, 0x23,
    0x66, 0xF6, 0x6C, 0x15, 0x0B, 0x08, 0x00, 0x00, 0x03, 0x07, 0xF4, 0x05,
    0x86, 0x60, 0xC3, 0x1B, 0xFC, 0xEE, 0x85, 0x24, 0x14, 0x02, 0x00, 0x00,
    0x27, 0x22, 0x21, 0x23, 0x85, 0x24, 0x14, 0x02, 0x58, 0x07, 0x6C, 0x06,
    0x23, 0x90, 0x47, 0x0A, 0x66, 0xF6, 0x6C, 0x15, 0x0B, 0x08, 0x00, 0x00,
    0x22, 0x21, 0x23, 0x22, 0x5B, 0x07, 0x10, 0x06, 0x9C, 0x90, 0x07, 0x03,
    0x09, 0xF6, 0x0C, 0x22, 0x88, 0x08, 0x00, 0x00, 0x58, 0x07, 0x6C, 0x06,
    0x21, 0x23, 0x22, 0x21, 0x23, 0x90, 0x47, 0x0A, 0x66, 0xF6, 0x6C, 0x15,
    0x0B, 0x08, 0x00, 0x00, 0xB6, 0x07, 0x7E, 0x06, 0xF5, 0x1B, 0x84, 0x24,
    0x23, 0x22, 0x21, 0x23, 0xEA, 0xFE, 0x13, 0x15, 0x6D, 0x03, 0x00, 0x00,
    0x5B, 0x07, 0x10, 0x06, 0x9C, 0x90, 0x07, 0x03, 0x09, 0xF6, 0x0C, 0x22,
    0x88, 0x08, 0x00, 0x00, 0x27, 0x22, 0x21, 0x23, 0x0C, 0x22, 0x88, 0x08,
    0xB6, 0x07, 0x7E, 0x06, 0xF5, 0x1B, 0x84, 0x24, 0xEA, 0xFE, 0x13, 0x15,
    0x6D, 0x03, 0x00, 0x00, 0x22, 0x21, 0x23, 0x22, 0xA8, 0x07, 0x29, 0x06,
    0xA6, 0xEA, 0x05, 0x00, 0x00, 0x00, 0x2E, 0x1F, 0x6F, 0x04, 0x00, 0x00,
    0xB6, 0x07, 0x7E, 0x06, 0x21, 0x23, 0x22, 0x21, 0xF5, 0x1B, 0x84, 0x24,
    0xEA, 0xFE, 0x13, 0x15, 0x6D, 0x03, 0x00, 0x00, 0xF4, 0x07, 0x7C, 0x06,
    0x15, 0xC8, 0xDA, 0x27, 0x23, 0x22, 0x21, 0x23, 0x76, 0xFE, 0x6D, 0x17,
    0x05, 0xF6, 0x00, 0x00, 0xA8, 0x07, 0x29, 0x06, 0xA6, 0xEA, 0x05, 0x00,
    0x00, 0x00, 0x2E, 0x1F, 0x6F, 0x04, 0x00, 0x00, 0x27, 0x22, 0x21, 0x23,
    0x2E, 0x1F, 0x6F, 0x04, 0xF4, 0x07, 0x7C, 0x06, 0x15, 0xC8, 0xDA, 0x27,
    0x76, 0xFE, 0x6D, 0x17, 0x05, 0xF6, 0x00, 0x00, 0x22, 0x21, 0x23, 0x22,
    0xE8, 0x07, 0x2B, 0x06, 0x5D, 0x73, 0x08, 0x00, 0x00, 0x00, 0x9C, 0x20,
    0xB1, 0xF8, 0x00, 0x00, 0x09, 0x04, 0xD4, 0x07, 0x21, 0x23, 0x22, 0x21,
    0xE6, 0xDE, 0xA1, 0x19, 0xC4, 0x0F, 0x00, 0x00, 0xB2, 0xF8, 0x00, 0x00,
    0x09, 0x04, 0xEB, 0x07, 0x2C, 0x1A, 0xC3, 0x3C, 0x26, 0x22, 0x21, 0x23,
    0xE0, 0x07, 0x0B, 0xF5, 0x3B, 0x04, 0xF9, 0x07, 0x08, 0xCE, 0xE0, 0x3B,
    0x89, 0x07, 0x63, 0x04, 0x3A, 0xF3, 0x00, 0x00, 0x22, 0x21, 0x23, 0x22,
    0x09, 0x04, 0xEB, 0x07, 0x2C, 0x1A, 0xC3, 0x3C, 0xE0, 0x07, 0x00, 0x00,
    0x0B, 0xF5, 0x00, 0x00, 0x09, 0x04, 0xC1, 0x07, 0x21, 0x26, 0x22, 0x21,
    0x50, 0x7F, 0x91, 0x22, 0x6F, 0x01, 0x0A, 0xFA, 0x3B, 0x04, 0xF9, 0x07,
    0x08, 0xCE, 0xE0, 0x3B, 0x23, 0x27, 0x22, 0x21, 0x89, 0x07, 0x63, 0x04,
    0x3A, 0xF3, 0x00, 0x00, 0x63, 0x04, 0x3A, 0xF3, 0x09, 0x04, 0xC1, 0x07,
    0x50, 0x7F, 0x91, 0x22, 0x23, 0x22, 0x21, 0x23, 0x6F, 0x01, 0x00, 0x00,
    0x0A, 0xFA, 0x00, 0x00, 0x52, 0x04, 0xC9, 0x07, 0x29, 0x5F, 0x1F, 0x23,
    0x77, 0x00, 0x41, 0x07, 0x71, 0xF9, 0x00, 0x00, 0x22, 0x21, 0x23, 0x22,
    0x09, 0x04, 0xC1, 0x07, 0x50, 0x7F, 0x91, 0x22, 0x6F, 0x01, 0x00, 0x00,
    0x0A, 0xFA, 0x00, 0x00, 0x5E, 0x04, 0x38, 0x07, 0x21, 0x23, 0x22, 0x21,
    0xE0, 0x00, 0x8F, 0x23, 0x97, 0x00, 0x94, 0x08, 0x96, 0x0E, 0x00, 0x00,
    0x52, 0x04, 0xC9, 0x07, 0x29, 0x5F, 0x1F, 0x23, 0x23, 0x27, 0x22, 0x21,
    0x77, 0x00, 0x41, 0x07, 0x71, 0xF9, 0x00, 0x00, 0x41, 0x07, 0x71, 0xF9,
    0x5E, 0x04, 0x38, 0x07, 0xE0, 0x00, 0x8F, 0x23, 0x23, 0x22, 0x21, 0x23,
    0x97, 0x00, 0x94, 0x08, 0x96, 0x0E, 0x00, 0x00, 0x74, 0x04, 0x76, 0x07,
    0x0C, 0x88, 0xAA, 0x28, 0x68, 0x01, 0xC7, 0x0A, 0x7E, 0x05, 0x00, 0x00,
    0x22, 0x21, 0x23, 0x22, 0x5E, 0x04, 0x38, 0x07, 0xE0, 0x00, 0x8F, 0x23,
    0x97, 0x00, 0x94, 0x08, 0x96, 0x0E, 0x00, 0x00, 0x78, 0x04, 0x30, 0x07,
    0x21, 0x23, 0x22, 0x21, 0xDE, 0x60, 0xC9, 0x34, 0xE6, 0x04, 0xA5, 0x0C,
    0xF4, 0x0F, 0x00, 0x00, 0x74, 0x04, 0x76, 0x07, 0x0C, 0x88, 0xAA, 0x28,
    0x23, 0x27, 0x22, 0x21, 0x68, 0x01, 0xC7, 0x0A, 0x7E, 0x05, 0x00, 0x00,
    0xC7, 0x0A, 0x7E, 0x05, 0x78, 0x04, 0x30, 0x07, 0xDE, 0x60, 0xC9, 0x34,
    0x23, 0x22, 0x21, 0x23, 0xE6, 0x04, 0xA5, 0x0C, 0xF4, 0x0F, 0x00, 0x00,
    0x91, 0x04, 0x5B, 0x07, 0x10, 0x00, 0xA8, 0x3F, 0x35, 0x09, 0x4C, 0x0E,
    0x53, 0x09, 0x00, 0x00, 0x22, 0x21, 0x23, 0x22, 0x78, 0x04, 0x30, 0x07,
    0xDE, 0x60, 0xC9, 0x34, 0xE6, 0x04, 0xA5, 0x0C, 0xF4, 0x0F, 0x00, 0x00,
    0x78, 0x04, 0x30, 0x07, 0x21, 0x23, 0x22, 0x21, 0xF3, 0xA4, 0x09, 0x0C,
    0x28, 0x0E, 0xBC, 0x0C, 0x04, 0x10, 0x00, 0x00, 0x91, 0x04, 0x5B, 0x07,
    0x10, 0x00, 0xA8, 0x3F, 0x23, 0x27, 0x22, 0x21, 0x35, 0x09, 0x4C, 0x0E,
    0x53, 0x09, 0x00, 0x00, 0x4C, 0x0E, 0x53, 0x09, 0x78, 0x04, 0x30, 0x07,
    0xF3, 0xA4, 0x09, 0x0C, 0x23, 0x22, 0x21, 0x23, 0x28, 0x0E, 0xBC, 0x0C,
    0x04, 0x10, 0x00, 0x00, 0x61, 0x04, 0x94, 0x07, 0xC8, 0xCB, 0x8D, 0x1E,
    0x3B, 0x12, 0xC1, 0x08, 0xAA, 0x01, 0x00, 0x00, 0x22, 0x21, 0x23, 0x22,
    0x78, 0x04, 0x30, 0x07, 0xF3, 0xA4, 0x09, 0x0C, 0x28, 0x0E, 0xBC, 0x0C,
    0x04, 0x10, 0x00, 0x00, 0x61, 0x04, 0x36, 0x07, 0x21, 0x23, 0x22, 0x21,
    0x1C, 0x35, 0x6F, 0x1A, 0x1B, 0x13, 0xC2, 0x08, 0xB7, 0x0E, 0x00, 0x00,
    0x61, 0x04, 0x94, 0x07, 0xC8, 0xCB, 0x8D, 0x1E, 0x23, 0x22, 0x21, 0x23,
    0x3B, 0x12, 0xC1, 0x08, 0xAA, 0x01, 0x00, 0x00, 0x22, 0x05, 0xA1, 0x04,
    0xFF, 0x45, 0xD0, 0x3F, 0xF0, 0x0A, 0xD1, 0x45, 0x9D, 0xFC, 0x00, 0x00,
    0x22, 0x21, 0x25, 0x22, 0xB2, 0x04, 0xA8, 0x04, 0xC4, 0x65, 0xCF, 0x0E,
    0x9D, 0x06, 0x83, 0x45, 0x29, 0x05, 0xF6, 0x04, 0x21, 0x23, 0x22, 0x21,
    0x7B, 0xC1, 0x04, 0x0A, 0xB9, 0x0B, 0xD0, 0x42, 0x2C, 0x04, 0x00, 0x00,
    0xB2, 0x04, 0xA8, 0x04, 0xC4, 0x65, 0xCF, 0x0E, 0x23, 0x22, 0x21, 0x23,
    0x9D, 0x06, 0x83, 0x45, 0x9D, 0xFC, 0x00, 0x00, 0x2D, 0x04, 0xC4, 0x04,
    0x8B, 0x11, 0x05, 0x00, 0x00, 0x00, 0xAC, 0x45, 0x3C, 0x04, 0x00, 0x00,
    0x22, 0x21, 0x23, 0x27, 0x29, 0x05, 0xF6, 0x04, 0x7B, 0xC1, 0x04, 0x0A,
    0xB9, 0x0B, 0xD0, 0x42, 0x2C, 0x04, 0x00, 0x00, 0xD0, 0x42, 0x2C, 0x04,
    0x22, 0x21, 0x23, 0x22, 0x2D, 0x04, 0xC4, 0x04, 0x8B, 0x11, 0x05, 0x00,
    0x00, 0x00, 0xAC, 0x45, 0x3C, 0x04, 0x00, 0x00, 0x2D, 0x04, 0x64, 0x05,
    0x21, 0x27, 0x22, 0x21, 0x40, 0x41, 0x06, 0x00, 0x9C, 0x3D, 0x9E, 0x0D,
    0x2D, 0x04, 0xC4, 0x04, 0x8B, 0x11, 0x05, 0x00, 0x27, 0x22, 0x21, 0x23,
    0xAC, 0x45, 0x3C, 0x04, 0x29, 0x05, 0xF6, 0x04, 0x7B, 0xC1, 0x04, 0x36,
    0x47, 0xF4, 0xD0, 0x42, 0x2C, 0x04, 0x00, 0x00, 0x22, 0x21, 0x23, 0x27,
    0x2D, 0x04, 0x64, 0x05, 0x40, 0x41, 0x06, 0x00, 0x00, 0x00, 0x9C, 0x3D,
    0x9E, 0x0D, 0x00, 0x00, 0x9C, 0x3D, 0x9E, 0x0D, 0x22, 0x21, 0x23, 0x22,
    0x29, 0x05, 0xF6, 0x04, 0x7B, 0xC1, 0x04, 0x36, 0x47, 0xF4, 0xD0, 0x42,
    0x2C, 0x04, 0x00, 0x00, 0x0E, 0x05, 0x90, 0x05, 0x21, 0x23, 0x22, 0x21,
    0xC0, 0x60, 0xA5, 0x2B, 0x10, 0xF3, 0x1F, 0x3B, 0xEB, 0x0A, 0x00, 0x00,
    0x29, 0x05, 0xF6, 0x04, 0x7B, 0xC1, 0x04, 0x36, 0x23, 0x22, 0x21, 0x23,
    0x47, 0xF4, 0xD0, 0x42, 0x2C, 0x04, 0x00, 0x00, 0x81, 0x05, 0xB1, 0x05,
    0x60, 0xDF, 0xC4, 0x28, 0xC8, 0xEE, 0x99, 0x39, 0x0D, 0x02, 0x00, 0x00,
    0x22, 0x21, 0x23, 0x27, 0x0E, 0x05, 0x90, 0x05, 0xC0, 0x60, 0xA5, 0x2B,
    0x10, 0xF3, 0x1F, 0x3B, 0xEB, 0x0A, 0x00, 0x00, 0x1F, 0x3B, 0xEB, 0x0A,
    0x22, 0x21, 0x23, 0x22, 0x81, 0x05, 0xB1, 0x05, 0x60, 0xDF, 0xC4, 0x28,
    0xC8, 0xEE, 0x99, 0x39, 0x0D, 0x02, 0x00, 0x00, 0x7D, 0x05, 0x0C, 0x06,
    0x21, 0x23, 0x22, 0x21, 0x42, 0x6C, 0xD1, 0x20, 0xB9, 0xEC, 0x18, 0x33,
    0xE0, 0x01, 0x00, 0x00, 0x81, 0x05, 0xB1, 0x05, 0x60, 0xDF, 0xC4, 0x28,
    0x23, 0x22, 0x21, 0x23, 0xC8, 0xEE, 0x99, 0x39, 0x0D, 0x02, 0x00, 0x00,
    0xE4, 0x05, 0xC9, 0x05, 0xB4, 0x03, 0x6A, 0x2B, 0x11, 0xEF, 0x51, 0x39,
    0x89, 0xF8, 0x00, 0x00, 0x22, 0x21, 0x23, 0x27, 0x7D, 0x05, 0x0C, 0x06,
    0x42, 0x6C, 0xD1, 0x20, 0xB9, 0xEC, 0x18, 0x33, 0xE0, 0x01, 0x00, 0x00,
    0x18, 0x33, 0xE0, 0x01, 0x22, 0x21, 0x23, 0x22, 0xE4, 0x05, 0xC9, 0x05,
    0xB4, 0x03, 0x6A, 0x2B, 0x11, 0xEF, 0x51, 0x39, 0x89, 0xF8, 0x00, 0x00,
    0xE2, 0x05, 0x49, 0x06, 0x21, 0x23, 0x22, 0x21, 0xFC, 0x0B, 0x4C, 0x24,
    0x25, 0xEE, 0xFB, 0x31, 0xA6, 0xF8, 0x00, 0x00, 0x0F, 0x00, 0x10, 0x04,
    0x2C, 0x08, 0x08, 0x00, 0x23, 0x22, 0x21, 0x27, 0x00, 0x00, 0x68, 0x78,
    0xDB, 0x0A, 0x00, 0x00, 0x0F, 0x00, 0x34, 0x04, 0xC4, 0x49, 0x0C, 0x00,
    0xC5, 0x73, 0x93, 0x12, 0x22, 0x21, 0x23, 0x22, 0xEC, 0x00, 0x5C, 0x04,
    0x64, 0xB4, 0xC9, 0x12, 0xC4, 0x0A, 0xFA, 0x74, 0xDF, 0x07, 0x00, 0x00,
    0x0F, 0x00, 0x34, 0x04, 0x21, 0x23, 0x22, 0x21, 0xC4, 0x49, 0x0C, 0x00,
    0x00, 0x00, 0xC5, 0x73, 0x93, 0x12, 0x00, 0x00, 0x08, 0x01, 0x66, 0x04,
    0x54, 0x75, 0x8D, 0x15, 0x23, 0x22, 0x21, 0x23, 0x6E, 0x0C, 0x8F, 0x6F,
    0xE1, 0x0D, 0x00, 0x00, 0xEC, 0x00, 0x5C, 0x04, 0x64, 0xB4, 0xC9, 0x12,
    0xC4, 0x0A, 0xFA, 0x74, 0xDF, 0x07, 0x00, 0x00, 0x27, 0x22, 0x21, 0x23,
    0xFA, 0x74, 0xDF, 0x07, 0x08, 0x01, 0x66, 0x04, 0x54, 0x75, 0x8D, 0x15,
    0x6E, 0x0C, 0x8F, 0x6F, 0xE1, 0x0D, 0x00, 0x00, 0x22, 0x21, 0x23, 0x22,
    0x22, 0x01, 0x56, 0x04, 0x43, 0xB8, 0xEC, 0x1C, 0x21, 0x15, 0x55, 0x68,
    0x3A, 0x04, 0x00, 0x00, 0x08, 0x01, 0x66, 0x04, 0x21, 0x23, 0x22, 0x21,
    0x54, 0x75, 0x8D, 0x15, 0x6E, 0x0C, 0x8F, 0x6F, 0xE1, 0x0D, 0x00, 0x00,
    0x26, 0x01, 0x54, 0x04, 0xDE, 0x00, 0xB2, 0x1B, 0x23, 0x22, 0x21, 0x23,
    0x82, 0x16, 0x70, 0x61, 0xD1, 0x03, 0x00, 0x00, 0x22, 0x01, 0x56, 0x04,
    0x43, 0xB8, 0xEC, 0x1C, 0x21, 0x15, 0x55, 0x68, 0x3A, 0x04, 0x00, 0x00,
    0x27, 0x22, 0x21, 0x23, 0x55, 0x68, 0x3A, 0x04, 0x26, 0x01, 0x54, 0x04,
    0xDE, 0x00, 0xB2, 0x1B, 0x82, 0x16, 0x70, 0x61, 0xD1, 0x03, 0x00, 0x00,
    0x22, 0x21, 0x23, 0x22, 0x18, 0x01, 0x36, 0x04, 0x00, 0x53, 0x8F, 0x1B,
    0x51, 0x13, 0xF2, 0x5F, 0x97, 0xF1, 0x00, 0x00, 0x26, 0x01, 0x54, 0x04,
    0x21, 0x23, 0x22, 0x21, 0xDE, 0x00, 0xB2, 0x1B, 0x82, 0x16, 0x70, 0x61,
    0xD1, 0x03, 0x00, 0x00, 0x22, 0x01, 0x48, 0x04, 0xD4, 0x5F, 0xB4, 0x1A,
    0x23, 0x22, 0x21, 0x23, 0x1A, 0x15, 0xE7, 0x5B, 0x93, 0xFC, 0x00, 0x00,
    0x18, 0x01, 0x36, 0x04, 0x00, 0x53, 0x8F, 0x1B, 0x51, 0x13, 0xF2, 0x5F,
    0x97, 0xF1, 0x00, 0x00, 0x27, 0x22, 0x21, 0x23, 0xF2, 0x5F, 0x97, 0xF1,
    0x22, 0x01, 0x48, 0x04, 0xD4, 0x5F, 0xB4, 0x1A, 0x1A, 0x15, 0xE7, 0x5B,
    0x93, 0xFC, 0x00, 0x00, 0x22, 0x21, 0x23, 0x22, 0x0C, 0x01, 0x32, 0x04,
    0xFC, 0x42, 0xB5, 0x11, 0x3B, 0x0D, 0x8F, 0x58, 0x9E, 0xEF, 0x00, 0x00,
    0x22, 0x01, 0x48, 0x04, 0x21, 0x23, 0x22, 0x21, 0xD4, 0x5F, 0xB4, 0x1A,
    0x1A, 0x15, 0xE7, 0x5B, 0x93, 0xFC, 0x00, 0x00, 0x13, 0x01, 0x44, 0x04,
    0x8C, 0xAF, 0x06, 0x10, 0x23, 0x22, 0x21, 0x23, 0x41, 0x10, 0x03, 0x58,
    0xEB, 0xF9, 0x00, 0x00, 0x0C, 0x01, 0x32, 0x04, 0xFC, 0x42, 0xB5, 0x11,
    0x3B, 0x0D, 0x8F, 0x58, 0x9E, 0xEF, 0x00, 0x00, 0x27, 0x22, 0x21, 0x23,
    0x8F, 0x58, 0x9E, 0xEF, 0x13, 0x01, 0x44, 0x04, 0x8C, 0xAF, 0x06, 0x10,
    0x41, 0x10, 0x03, 0x58, 0xEB, 0xF9, 0x00, 0x00, 0x22, 0x21, 0x23, 0x22,
    0xE7, 0x00, 0x2F, 0x04, 0x5D, 0x9B, 0x07, 0x00, 0x00, 0x00, 0xBD, 0x54,
    0x35, 0xED, 0x00, 0x00, 0xEE, 0x05, 0xF6, 0x06, 0x21, 0x23, 0x22, 0x21,
    0x64, 0x53, 0x90, 0x21, 0x77, 0x00, 0x41, 0x07, 0x71, 0xF9, 0x00, 0x00,
    0xEC, 0x05, 0x99, 0x06, 0x0B, 0xF8, 0xC5, 0x2A, 0x23, 0x22, 0x21, 0x23,
    0xEB, 0x01, 0x0A, 0x14, 0xB3, 0xF5, 0x00, 0x00, 0x48, 0x06, 0xF6, 0x06,
    0x08, 0xCE, 0xE0, 0x3B, 0xCF, 0x07, 0x71, 0x08, 0x6C, 0xF4, 0x00, 0x00,
    0x22, 0x21, 0x23, 0x22, 0xEC, 0x05, 0x99, 0x06, 0x0B, 0xF8, 0xC5, 0x2A,
    0xEB, 0x01, 0x0A, 0x14, 0xB3, 0xF5, 0x00, 0x00, 0x98, 0x06, 0x91, 0x06,
    0x21, 0x23, 0x22, 0x21, 0xF3, 0xD3, 0xA6, 0x10, 0xBA, 0x0E, 0xD4, 0x13,
    0x20, 0xF5, 0x00, 0x00, 0x48, 0x06, 0xF6, 0x06, 0x08, 0xCE, 0xE0, 0x3B,
    0x23, 0x27, 0x22, 0x21, 0xCF, 0x07, 0x71, 0x08, 0x6C, 0xF4, 0x00, 0x00,
    0x71, 0x08, 0x6C, 0xF4, 0x98, 0x06, 0x91, 0x06, 0xF3, 0xD3, 0xA6, 0x10,
    0x23, 0x22, 0x21, 0x23, 0xBA, 0x0E, 0xD4, 0x13, 0x20, 0xF5, 0x00, 0x00,
    0xB1, 0x06, 0xF6, 0x06, 0xF4, 0x12, 0x40, 0x1B, 0x81, 0x10, 0x11, 0x08,
    0x69, 0xF7, 0x00, 0x00, 0x22, 0x21, 0x23, 0x22, 0x98, 0x06, 0x91, 0x06,
    0xF3, 0xD3, 0xA6, 0x10, 0xBA, 0x0E, 0xD4, 0x13, 0x20, 0xF5, 0x00, 0x00,
    0xED, 0x06, 0x76, 0x06, 0x21, 0x23, 0x22, 0x21, 0x07, 0xD0, 0x40, 0x20,
    0x5B, 0x11, 0xA3, 0x15, 0x81, 0xFE, 0x00, 0x00, 0xB1, 0x06, 0xF6, 0x06,
    0xF4, 0x12, 0x40, 0x1B, 0x23, 0x27, 0x22, 0x21, 0x81, 0x10, 0x11, 0x08,
    0x69, 0xF7, 0x00, 0x00, 0x11, 0x08, 0x69, 0xF7, 0xED, 0x06, 0x76, 0x06,
    0x07, 0xD0, 0x40, 0x20, 0x23, 0x22, 0x21, 0x23, 0x5B, 0x11, 0xA3, 0x15,
    0x81, 0xFE, 0x00, 0x00, 0x03, 0x07, 0xF6, 0x06, 0xCC, 0x40, 0x3F, 0x1D,
    0x3B, 0x12, 0xC1, 0x08, 0xAA, 0x01, 0x00, 0x00, 0x22, 0x21, 0x23, 0x22,
    0xED, 0x06, 0x76, 0x06, 0x07, 0xD0, 0x40, 0x20, 0x5B, 0x11, 0xA3, 0x15,
    0x81, 0xFE, 0x00, 0x00, 0x58, 0x07, 0xB0, 0x06, 0x21, 0x23, 0x22, 0x21,
    0xC0, 0x33, 0x08, 0x05, 0x7B, 0x09, 0x2D, 0x15, 0x0E, 0x08, 0x00, 0x00,
    0x03, 0x07, 0xF6, 0x06, 0xCC, 0x40, 0x3F, 0x1D, 0x23, 0x27, 0x22, 0x21,
    0x3B, 0x12, 0xC1, 0x08, 0xAA, 0x01, 0x00, 0x00, 0xC1, 0x08, 0xAA, 0x01,
    0x58, 0x07, 0xB0, 0x06, 0xC0, 0x33, 0x08, 0x05, 0x23, 0x22, 0x21, 0x23,
    0x7B, 0x09, 0x2D, 0x15, 0x0E, 0x08, 0x00, 0x00, 0x58, 0x07, 0xF6, 0x06,
    0xF4, 0x99, 0xAE, 0x03, 0x35, 0x09, 0x4C, 0x0E, 0x53, 0x09, 0x00, 0x00,
    0x22, 0x21, 0x23, 0x22, 0x58, 0x07, 0xB0, 0x06, 0xC0, 0x33, 0x08, 0x05,
    0x7B, 0x09, 0x2D, 0x15, 0x0E, 0x08, 0x00, 0x00, 0xAB, 0x07, 0xF8, 0x06,
    0x21, 0x23, 0x22, 0x21, 0x56, 0x11, 0x8F, 0x28, 0x68, 0x01, 0xC7, 0x0A,
    0x7E, 0x05, 0x00, 0x00, 0x58, 0x07, 0xF6, 0x06, 0xF4, 0x99, 0xAE, 0x03,
    0x23, 0x22, 0x21, 0x23, 0x35, 0x09, 0x4C, 0x0E, 0x53, 0x09, 0x00, 0x00,
    0x52, 0x04, 0xC9, 0x07, 0x29, 0x5F, 0xFF, 0x1C, 0x89, 0xFF, 0x41, 0x07,
    0x71, 0xF9, 0x00, 0x00, 0x22, 0x21, 0x23, 0x22, 0x74, 0x04, 0x76, 0x07,
    0x0C, 0x88, 0x6A, 0x17, 0x98, 0xFE, 0xC7, 0x0A, 0x7E, 0x05, 0x00, 0x00,
    0x5E, 0x04, 0x38, 0x07, 0x21, 0x23, 0x22, 0x21, 0xCC, 0x40, 0x3F, 0x1D,
    0x69, 0xFF, 0x94, 0x08, 0x96, 0x0E, 0x00, 0x00, 0x74, 0x04, 0x76, 0x07,
    0x0C, 0x88, 0x6A, 0x17, 0x23, 0x22, 0x21, 0x23, 0x98, 0xFE, 0xC7, 0x0A,
    0x7E, 0x05, 0x00, 0x00, 0x78, 0x04, 0x30, 0x07, 0xF3, 0xA4, 0x09, 0x0C,
    0x1A, 0xFB, 0xA5, 0x0C, 0xF4, 0x0F, 0x00, 0x00, 0x22, 0x21, 0x23, 0x27,
    0x5E, 0x04, 0x38, 0x07, 0xCC, 0x40, 0x3F, 0x1D, 0x69, 0xFF, 0x94, 0x08,
    0x96, 0x0E, 0x00, 0x00, 0x94, 0x08, 0x96, 0x0E, 0x22, 0x21, 0x23, 0x22,
    0x78, 0x04, 0x30, 0x07, 0xF3, 0xA4, 0x09, 0x0C, 0x1A, 0xFB, 0xA5, 0x0C,
    0xF4, 0x0F, 0x00, 0x00, 0x4D, 0x04, 0x06, 0x07, 0x21, 0x23, 0x22, 0x21,
    0xFC, 0x01, 0x0F, 0x00, 0xB3, 0xF6, 0x22, 0x07, 0xAF, 0x13, 0x00, 0x00,
    0x78, 0x04, 0x30, 0x07, 0xF3, 0xA4, 0x09, 0x0C, 0x23, 0x22, 0x21, 0x23,
    0x1A, 0xFB, 0xA5, 0x0C, 0xF4, 0x0F, 0x00, 0x00, 0x78, 0x04, 0x30, 0x07,
    0xDE, 0x60, 0xC9, 0x34, 0xD8, 0xF1, 0xBC, 0x0C, 0x04, 0x10, 0x00, 0x00,
    0x22, 0x21, 0x23, 0x27, 0x4D, 0x04, 0x06, 0x07, 0xFC, 0x01, 0x0F, 0x00,
    0xB3, 0xF6, 0x22, 0x07, 0xAF, 0x13, 0x00, 0x00, 0x22, 0x07, 0xAF, 0x13,
    0x22, 0x21, 0x23, 0x22, 0x78, 0x04, 0x30, 0x07, 0xDE, 0x60, 0xC9, 0x34,
    0xD8, 0xF1, 0xBC, 0x0C, 0x04, 0x10, 0x00, 0x00, 0x61, 0x04, 0x36, 0x07,
    0x21, 0x23, 0x22, 0x21, 0x1C, 0x35, 0xAF, 0x25, 0xE5, 0xEC, 0xC1, 0x08,
    0xB7, 0x0E, 0x00, 0x00, 0x78, 0x04, 0x30, 0x07, 0xDE, 0x60, 0xC9, 0x34,
    0x23, 0x22, 0x21, 0x23, 0xD8, 0xF1, 0xBC, 0x0C, 0x04, 0x10, 0x00, 0x00,
    0x61, 0x04, 0x94, 0x07, 0xC8, 0xCB, 0x8D, 0x21, 0xC5, 0xED, 0xC1, 0x08,
    0xAA, 0x01, 0x00, 0x00, 0x22, 0x21, 0x26, 0x27, 0x61, 0x04, 0x36, 0x07,
    0x1C, 0x35, 0xAF, 0x25, 0xE5, 0xEC, 0xB7, 0x0E, 0xC1, 0x08, 0xB7, 0x0E,
    0x22, 0x21, 0x26, 0x22, 0x61, 0x04, 0x94, 0x07, 0xC8, 0xCB, 0x8D, 0x21,
    0xC5, 0xED, 0xAA, 0x01, 0x09, 0x04, 0x48, 0x07, 0x21, 0x23, 0x22, 0x21,
    0x44, 0x20, 0x82, 0x21, 0xDB, 0xEE, 0x00, 0x00, 0x76, 0x0B, 0x00, 0x00,
    0x61, 0x04, 0x94, 0x07, 0xC8, 0xCB, 0x8D, 0x21, 0x23, 0x22, 0x21, 0x23,
    0xC5, 0xED, 0xC1, 0x08, 0xAA, 0x01, 0x00, 0x00, 0x09, 0x04, 0xD4, 0x07,
    0xE6, 0xDE, 0x61, 0x26, 0x3C, 0xF0, 0x00, 0x00, 0xB2, 0xF8, 0x00, 0x00,
    0x22, 0x21, 0x26, 0x22, 0x09, 0x04, 0x48, 0x07, 0x44, 0x20, 0x82, 0x21,
    0xDB, 0xEE, 0x76, 0x0B, 0xE2, 0x05, 0x49, 0x06, 0x21, 0x23, 0x22, 0x21,
    0xFC, 0x0B, 0x4C, 0x24, 0x25, 0xEE, 0xFB, 0x31, 0xA6, 0xF8, 0x00, 0x00,
    0x66, 0x05, 0x86, 0x06, 0x8D, 0x53, 0x41, 0x21, 0x23, 0x22, 0x21, 0x23,
    0x6A, 0xED, 0x49, 0x28, 0x2E, 0x03, 0x00, 0x00, 0x7D, 0x05, 0x0C, 0x06,
    0x42, 0x6C, 0xD1, 0x20, 0xB9, 0xEC, 0x18, 0x33, 0xE0, 0x01, 0x00, 0x00,
    0x22, 0x21, 0x23, 0x22, 0x66, 0x05, 0x86, 0x06, 0x8D, 0x53, 0x41, 0x21,
    0x6A, 0xED, 0x49, 0x28, 0x2E, 0x03, 0x00, 0x00, 0x0B, 0x05, 0x09, 0x06,
    0x21, 0x23, 0x22, 0x21, 0xD9, 0x1F, 0x86, 0x2B, 0x04, 0xF3, 0x99, 0x30,
    0x75, 0x0D, 0x00, 0x00, 0x7D, 0x05, 0x0C, 0x06, 0x42, 0x6C, 0xD1, 0x20,
    0x23, 0x27, 0x22, 0x21, 0xB9, 0xEC, 0x18, 0x33, 0xE0, 0x01, 0x00, 0x00,
    0x18, 0x33, 0xE0, 0x01, 0x0B, 0x05, 0x09, 0x06, 0xD9, 0x1F, 0x86, 0x2B,
    0x23, 0x22, 0x21, 0x23, 0x04, 0xF3, 0x99, 0x30, 0x75, 0x0D, 0x00, 0x00,
    0x0E, 0x05, 0x90, 0x05, 0xC0, 0x60, 0xA5, 0x2B, 0x10, 0xF3, 0x1F, 0x3B,
    0xEB, 0x0A, 0x00, 0x00, 0x22, 0x21, 0x23, 0x22, 0x0B, 0x05, 0x09, 0x06,
    0xD9, 0x1F, 0x86, 0x2B, 0x04, 0xF3, 0x99, 0x30, 0x75, 0x0D, 0x00, 0x00,
    0x2D, 0x04, 0x0E, 0x06, 0x21, 0x23, 0x22, 0x21, 0x4E, 0xE8, 0x07, 0x00,
    0x00, 0x00, 0x94, 0x31, 0xBE, 0x12, 0x00, 0x00, 0x0E, 0x05, 0x90, 0x05,
    0xC0, 0x60, 0xA5, 0x2B, 0x23, 0x27, 0x22, 0x21, 0x10, 0xF3, 0x1F, 0x3B,
    0xEB, 0x0A, 0x00, 0x00, 0x1F, 0x3B, 0xEB, 0x0A, 0x2D, 0x04, 0x0E, 0x06,
    0x4E, 0xE8, 0x07, 0x00, 0x23, 0x22, 0x21, 0x27, 0x00, 0x00, 0x94, 0x31,
    0xBE, 0x12, 0x00, 0x00, 0x2D, 0x04, 0x64, 0x05, 0x40, 0x41, 0x06, 0x00,
    0x9C, 0x3D, 0x9E, 0x0D, 0x22, 0x21, 0x27, 0x22, 0x2D, 0x04, 0x0E, 0x06,
    0x4E, 0xE8, 0x07, 0x00, 0x94, 0x31, 0xBE, 0x12, 0x0E, 0x05, 0x90, 0x05,
    0x21, 0x23, 0x22, 0x21, 0xC0, 0x60, 0x65, 0x14, 0xF0, 0x0C, 0x1F, 0x3B,
    0xEB, 0x0A, 0x00, 0x00, 0x2D, 0x04, 0x64, 0x05, 0x40, 0x41, 0x06, 0x00,
    0x23, 0x27, 0x22, 0x21, 0x00, 0x00, 0x9C, 0x3D, 0x9E, 0x0D, 0x00, 0x00,
    0x9C, 0x3D, 0x9E, 0x0D, 0x0E, 0x05, 0x90, 0x05, 0xC0, 0x60, 0x65, 0x14,
    0x23, 0x22, 0x21, 0x23, 0xF0, 0x0C, 0x1F, 0x3B, 0xEB, 0x0A, 0x00, 0x00,
    0x29, 0x05, 0xF6, 0x04, 0x7B, 0xC1, 0x04, 0x0A, 0xB9, 0x0B, 0xD0, 0x42,
    0x2C, 0x04, 0x00, 0x00, 0x22, 0x21, 0x23, 0x22, 0x0E, 0x05, 0x90, 0x05,
    0xC0, 0x60, 0x65, 0x14, 0xF0, 0x0C, 0x1F, 0x3B, 0xEB, 0x0A, 0x00, 0x00,
    0x81, 0x05, 0xB1, 0x05, 0x21, 0x23, 0x22, 0x21, 0x60, 0xDF, 0x44, 0x17,
    0x38, 0x11, 0x99, 0x39, 0x0D, 0x02, 0x00, 0x00, 0x29, 0x05, 0xF6, 0x04,
    0x7B, 0xC1, 0x04, 0x0A, 0x23, 0x22, 0x21, 0x23, 0xB9, 0x0B, 0xD0, 0x42,
    0x2C, 0x04, 0x00, 0x00, 0x8B, 0x06, 0x39, 0x07, 0xDC, 0xC8, 0x7B, 0x17,
    0x4D, 0x26, 0x0D, 0x38, 0x10, 0xF8, 0x00, 0x00, 0x22, 0x21, 0x23, 0x22,
    0x8B, 0x06, 0x34, 0x07, 0x52, 0x52, 0x8D, 0x0D, 0x5A, 0x24, 0x0B, 0x39,
    0x96, 0xF7, 0x00, 0x00, 0x4E, 0x06, 0x0C, 0x07, 0x21, 0x23, 0x22, 0x21,
    0xFE, 0x03, 0x58, 0x01, 0x4D, 0x26, 0x4D, 0x3D, 0xC1, 0xF3, 0x00, 0x00,
    0x8B, 0x06, 0x34, 0x07, 0x52, 0x52, 0x8D, 0x0D, 0x23, 0x22, 0x21, 0x27,
    0x5A, 0x24, 0x0B, 0x39, 0x96, 0xF7, 0x00, 0x00, 0x20, 0x06, 0x20, 0x07,
    0x35, 0x9A, 0x0C, 0x3C, 0xDF, 0x41, 0x65, 0xF5, 0x22, 0x21, 0x23, 0x27,
    0x4E, 0x06, 0x0C, 0x07, 0xFE, 0x03, 0x58, 0x01, 0x4D, 0x26, 0x4D, 0x3D,
    0xC1, 0xF3, 0x00, 0x00, 0x4D, 0x3D, 0xC1, 0xF3, 0x22, 0x21, 0x23, 0x22,
    0x20, 0x06, 0x20, 0x07, 0x35, 0x9A, 0x0C, 0x3C, 0x5A, 0x24, 0xDF, 0x41,
    0x65, 0xF5, 0x00, 0x00, 0x02, 0x06, 0x21, 0x07, 0x21, 0x23, 0x22, 0x21,
    0x21, 0x84, 0xCA, 0x28, 0x4D, 0x26, 0x49, 0x45, 0x8B, 0xF5, 0x00, 0x00,
    0x20, 0x06, 0x20, 0x07, 0x35, 0x9A, 0x0C, 0x3C, 0x23, 0x22, 0x21, 0x27,
    0x5A, 0x24, 0xDF, 0x41, 0x65, 0xF5, 0x00, 0x00, 0xEB, 0x05, 0x69, 0x07,
    0x8C, 0x26, 0x10, 0x2A, 0x97, 0x47, 0x1E, 0xFD, 0x22, 0x21, 0x23, 0x27,
    0x02, 0x06, 0x21, 0x07, 0x21, 0x84, 0xCA, 0x28, 0x4D, 0x26, 0x49, 0x45,
    0x8B, 0xF5, 0x00, 0x00, 0x49, 0x45, 0x8B, 0xF5, 0x22, 0x21, 0x23, 0x21,
    0xEB, 0x05, 0x69, 0x07, 0x8C, 0x26, 0x10, 0x2A, 0x5A, 0x24, 0x97, 0x47,
    0x1E, 0xFD, 0x00, 0x00, 0xC4, 0xCC, 0xA0, 0x22, 0x23, 0x21, 0x23, 0x22,
    0x4D, 0x26, 0x14, 0x48, 0x9F, 0xFC, 0x00, 0x00, 0x8C, 0x26, 0x10, 0x2A,
    0x5A, 0x24, 0x97, 0x47, 0x1E, 0xFD, 0x00, 0x00, 0x04, 0x06, 0xBB, 0x07,
    0x21, 0x23, 0x22, 0x21, 0x4E, 0xBC, 0x86, 0x2F, 0x4D, 0x26, 0x47, 0x45,
    0xB3, 0x03, 0x00, 0x00, 0xEB, 0x05, 0x69, 0x07, 0xC4, 0xCC, 0xA0, 0x22,
    0x27, 0x27, 0x22, 0x21, 0x14, 0x48, 0x9F, 0xFC, 0x14, 0x48, 0x9F, 0xFC,
    0x04, 0x06, 0xBB, 0x07, 0x4E, 0xBC, 0x86, 0x2F, 0x27, 0x22, 0x21, 0x23,
    0x47, 0x45, 0xB3, 0x03, 0x1B, 0x06, 0xC9, 0x07, 0xEE, 0x0C, 0x46, 0x31,
    0x90, 0x28, 0xEA, 0x41, 0x8B, 0x03, 0x00, 0x00, 0x22, 0x21, 0x23, 0x22,
    0x04, 0x06, 0xBB, 0x07, 0x4E, 0xBC, 0x86, 0x2F, 0x4D, 0x26, 0x47, 0x45,
    0xB3, 0x03, 0x00, 0x00, 0x8D, 0x06, 0xA1, 0x07, 0x21, 0x23, 0x22, 0x21,
    0x42, 0xFD, 0xE4, 0x0E, 0xB1, 0x28, 0xD4, 0x3A, 0xDB, 0x00, 0x00, 0x00,
    0x1B, 0x06, 0xC9, 0x07, 0xEE, 0x0C, 0x46, 0x31, 0x23, 0x22, 0x21, 0x23,
    0x90, 0x28, 0xEA, 0x41, 0x8B, 0x03, 0x00, 0x00, 0x75, 0x00, 0xD9, 0x07,
    0x1B, 0x70, 0x87, 0x0B, 0xE7, 0x09, 0x6B, 0x49, 0xAB, 0xF9, 0x00, 0x00,
    0x22, 0x21, 0x23, 0x22, 0x08, 0x00, 0xF9, 0x07, 0xD4, 0xFB, 0x07, 0x00,
    0x00, 0x00, 0x21, 0x47, 0x1D, 0xF8, 0x00, 0x00, 0x60, 0x00, 0xE9, 0x07,
    0x21, 0x23, 0x22, 0x21, 0x2A, 0x5B, 0xB5, 0x13, 0xF8, 0x07, 0x39, 0x48,
    0x4D, 0xF0, 0x00, 0x00, 0x08, 0x00, 0xF9, 0x07, 0xD4, 0xFB, 0x07, 0x00,
    0x23, 0x22, 0x21, 0x23, 0x00, 0x00, 0x21, 0x47, 0x1D, 0xF8, 0x00, 0x00,
    0x28, 0x00, 0xF3, 0x07, 0x14, 0x22, 0x22, 0x3E, 0xF6, 0x02, 0x8A, 0x47,
    0x5B, 0xEE, 0x00, 0x00, 0x22, 0x21, 0x23, 0x27, 0x60, 0x00, 0xE9, 0x07,
    0x2A, 0x5B, 0xB5, 0x13, 0xF8, 0x07, 0x39, 0x48, 0x4D, 0xF0, 0x00, 0x00,
    0x39, 0x48, 0x4D, 0xF0, 0x22, 0x21, 0x23, 0x22, 0x28, 0x00, 0xF3, 0x07,
    0x14, 0x22, 0x22, 0x3E, 0xF6, 0x02, 0x8A, 0x47, 0x5B, 0xEE, 0x00, 0x00,
    0x69, 0x00, 0xA0, 0x07, 0x21, 0x23, 0x22, 0x21, 0x4D, 0xF2, 0x6E, 0x10,
    0xE0, 0x08, 0x84, 0x4D, 0xAD, 0xF2, 0x00, 0x00, 0x28, 0x00, 0xF3, 0x07,
    0x14, 0x22, 0x22, 0x3E, 0x23, 0x22, 0x21, 0x23, 0xF6, 0x02, 0x8A, 0x47,
    0x5B, 0xEE, 0x00, 0x00, 0x08, 0x00, 0xA4, 0x07, 0x04, 0xF2, 0x00, 0x00,
    0x00, 0x00, 0x2E, 0x4D, 0x02, 0xF0, 0x00, 0x00, 0x22, 0x21, 0x23, 0x27,
    0x69, 0x00, 0xA0, 0x07, 0x4D, 0xF2, 0x6E, 0x10, 0xE0, 0x08, 0x84, 0x4D,
    0xAD, 0xF2, 0x00, 0x00, 0x84, 0x4D, 0xAD, 0xF2, 0x22, 0x21, 0x23, 0x22,
    0x08, 0x00, 0xA4, 0x07, 0x04, 0xF2, 0x00, 0x00, 0x00, 0x00, 0x2E, 0x4D,
    0x02, 0xF0, 0x00, 0x00, 0x08, 0x00, 0x3B, 0x07, 0x27, 0x22, 0x27, 0x22,
    0xBD, 0x54, 0x35, 0xED, 0x08, 0x00, 0xA4, 0x07, 0x2E, 0x4D, 0x02, 0xF0,
    0x69, 0x00, 0xA0, 0x07, 0x21, 0x23, 0x22, 0x21, 0x4D, 0xF2, 0xAE, 0x2F,
    0x20, 0xF7, 0x84, 0x4D, 0xAD, 0xF2, 0x00, 0x00, 0x08, 0x00, 0x3B, 0x07,
    0x04, 0xF2, 0x00, 0x00, 0x23, 0x27, 0x22, 0x21, 0x00, 0x00, 0xBD, 0x54,
    0x35, 0xED, 0x00, 0x00, 0xBD, 0x54, 0x35, 0xED, 0x69, 0x00, 0xA0, 0x07,
    0x4D, 0xF2, 0xAE, 0x2F, 0x23, 0x22, 0x21, 0x23, 0x20, 0xF7, 0x84, 0x4D,
    0xAD, 0xF2, 0x00, 0x00, 0xBA, 0x00, 0x0C, 0x07, 0xAC, 0x82, 0x40, 0x28,
    0xBF, 0xEF, 0x03, 0x58, 0xEB, 0xF9, 0x00, 0x00, 0x22, 0x21, 0x23, 0x22,
    0x69, 0x00, 0xA0, 0x07, 0x4D, 0xF2, 0xAE, 0x2F, 0x20, 0xF7, 0x84, 0x4D,
    0xAD, 0xF2, 0x00, 0x00, 0xAE, 0x00, 0x83, 0x07, 0x21, 0x23, 0x22, 0x21,
    0x88, 0xA3, 0x00, 0x21, 0xDE, 0xF0, 0x95, 0x4F, 0x4E, 0xFC, 0x00, 0x00,
    0xBA, 0x00, 0x0C, 0x07, 0xAC, 0x82, 0x40, 0x28, 0x23, 0x22, 0x21, 0x23,
    0xBF, 0xEF, 0x03, 0x58, 0xEB, 0xF9, 0x00, 0x00, 0x09, 0x04, 0xD4, 0x07,
    0xE6, 0xDE, 0xA1, 0x19, 0xC4, 0x0F, 0x00, 0x00, 0xB2, 0xF8, 0x00, 0x00,
    0x22, 0x21, 0x23, 0x22, 0x61, 0x04, 0x94, 0x07, 0xC8, 0xCB, 0x8D, 0x1E,
    0x3B, 0x12, 0xC1, 0x08, 0xAA, 0x01, 0x00, 0x00, 0x09, 0x04, 0x48, 0x07,
    0x21, 0x23, 0x22, 0x21, 0x44, 0x20, 0x82, 0x1E, 0x25, 0x11, 0x00, 0x00,
    0x76, 0x0B, 0x00, 0x00, 0x61, 0x04, 0x94, 0x07, 0xC8, 0xCB, 0x8D, 0x1E,
    0x23, 0x22, 0x21, 0x23, 0x3B, 0x12, 0xC1, 0x08, 0xAA, 0x01, 0x00, 0x00,
    0x61, 0x04, 0x36, 0x07, 0x1C, 0x35, 0x6F, 0x1A, 0x1B, 0x13, 0xC2, 0x08,
    0xB7, 0x0E, 0x00, 0x00, 0x22, 0x21, 0x23, 0x27, 0x09, 0x04, 0x48, 0x07,
    0x44, 0x20, 0x82, 0x1E, 0x25, 0x11, 0x00, 0x00, 0x76, 0x0B, 0x00, 0x00,
    0x00, 0x00, 0x76, 0x0B, 0x22, 0x21, 0x23, 0x22, 0x61, 0x04, 0x36, 0x07,
    0x1C, 0x35, 0x6F, 0x1A, 0x1B, 0x13, 0xC2, 0x08, 0xB7, 0x0E, 0x00, 0x00,
    0x09, 0x04, 0x31, 0x07, 0x21, 0x23, 0x22, 0x21, 0xAE, 0x01, 0x72, 0x0F,
    0x39, 0x0D, 0x00, 0x00, 0x3F, 0x11, 0x00, 0x00, 0x61, 0x04, 0x36, 0x07,
    0x1C, 0x35, 0x6F, 0x1A, 0x23, 0x22, 0x21, 0x23, 0x1B, 0x13, 0xC2, 0x08,
    0xB7, 0x0E, 0x00, 0x00, 0x4D, 0x04, 0x06, 0x07, 0xFC, 0x01, 0x0F, 0x00,
    0x4D, 0x09, 0x22, 0x07, 0xAF, 0x13, 0x00, 0x00, 0x22, 0x21, 0x23, 0x27,
    0x09, 0x04, 0x31, 0x07, 0xAE, 0x01, 0x72, 0x0F, 0x39, 0x0D, 0x00, 0x00,
    0x3F, 0x11, 0x00, 0x00, 0x00, 0x00, 0x3F, 0x11, 0x22, 0x21, 0x23, 0x22,
    0x4D, 0x04, 0x06, 0x07, 0xFC, 0x01, 0x0F, 0x00, 0x4D, 0x09, 0x22, 0x07,
    0xAF, 0x13, 0x00, 0x00, 0x09, 0x04, 0x31, 0x07, 0x21, 0x23, 0x22, 0x21,
    0xAE, 0x41, 0x22, 0x31, 0x9C, 0x05, 0x00, 0x00, 0x26, 0x11, 0x00, 0x00,
    0x4D, 0x04, 0x06, 0x07, 0xFC, 0x01, 0x0F, 0x00, 0x23, 0x22, 0x21, 0x23,
    0x4D, 0x09, 0x22, 0x07, 0xAF, 0x13, 0x00, 0x00, 0x5E, 0x04, 0x38, 0x07,
    0xE0, 0x00, 0x8F, 0x23, 0x97, 0x00, 0x94, 0x08, 0x96, 0x0E, 0x00, 0x00,
    0x22, 0x21, 0x23, 0x27, 0x09, 0x04, 0x31, 0x07, 0xAE, 0x41, 0x22, 0x31,
    0x9C, 0x05, 0x00, 0x00, 0x26, 0x11, 0x00, 0x00, 0x00, 0x00, 0x26, 0x11,
    0x22, 0x21, 0x23, 0x22, 0x5E, 0x04, 0x38, 0x07, 0xE0, 0x00, 0x8F, 0x23,
    0x97, 0x00, 0x94, 0x08, 0x96, 0x0E, 0x00, 0x00, 0x09, 0x04, 0x49, 0x07,
    0x21, 0x23, 0x22, 0x21, 0x8C, 0x00, 0x52, 0x22, 0xEB, 0x01, 0x00, 0x00,
    0x44, 0x0B, 0x00, 0x00, 0x5E, 0x04, 0x38, 0x07, 0xE0, 0x00, 0x8F, 0x23,
    0x23, 0x22, 0x21, 0x23, 0x97, 0x00, 0x94, 0x08, 0x96, 0x0E, 0x00, 0x00,
    0x09, 0x04, 0xC1, 0x07, 0x50, 0x7F, 0x91, 0x22, 0x6F, 0x01, 0x00, 0x00,
    0x0A, 0xFA, 0x00, 0x00, 0x22, 0x21, 0x26, 0x22, 0x09, 0x04, 0x49, 0x07,
    0x8C, 0x00, 0x52, 0x22, 0xEB, 0x01, 0x44, 0x0B, 0x11, 0x05, 0x33, 0x07,
    0x21, 0x23, 0x22, 0x21, 0x2B, 0x21, 0x04, 0x2C, 0x6C, 0xF6, 0xB9, 0x4C,
    0xB7, 0x11, 0x00, 0x00, 0xF9, 0x04, 0x8E, 0x07, 0x64, 0x81, 0x4F, 0x29,
    0x23, 0x22, 0x21, 0x23, 0x56, 0xF5, 0x4A, 0x51, 0x38, 0x13, 0x00, 0x00,
    0xF4, 0x04, 0x69, 0x07, 0x7B, 0x2C, 0x46, 0x2D, 0x1F, 0xF5, 0x7A, 0x4F,
    0x35, 0x11, 0x00, 0x00, 0x22, 0x21, 0x23, 0x22, 0xF9, 0x04, 0x8E, 0x07,
    0x64, 0x81, 0x4F, 0x29, 0x56, 0xF5, 0x4A, 0x51, 0x38, 0x13, 0x00, 0x00,
    0xC7, 0x04, 0x74, 0x07, 0x21, 0x23, 0x22, 0x21, 0xC9, 0x03, 0x17, 0x31,
    0xEF, 0xF2, 0xFC, 0x4F, 0x0A, 0x0F, 0x00, 0x00, 0xF4, 0x04, 0x69, 0x07,
    0x7B, 0x2C, 0x46, 0x2D, 0x23, 0x27, 0x22, 0x21, 0x1F, 0xF5, 0x7A, 0x4F,
    0x35, 0x11, 0x00, 0x00, 0x7A, 0x4F, 0x35, 0x11, 0xC7, 0x04, 0x74, 0x07,
    0xC9, 0x03, 0x17, 0x31, 0x23, 0x22, 0x21, 0x23, 0xEF, 0xF2, 0xFC, 0x4F,
    0x0A, 0x0F, 0x00, 0x00, 0xDB, 0x05, 0x6E, 0x07, 0xDC, 0x72, 0x09, 0x00,
    0x00, 0x00, 0xB5, 0x4F, 0x80, 0x15, 0x00, 0x00, 0x22, 0x21, 0x23, 0x22,
    0xC7, 0x04, 0x74, 0x07, 0xC9, 0x03, 0x17, 0x31, 0xEF, 0xF2, 0xFC, 0x4F,
    0x0A, 0x0F, 0x00, 0x00, 0xB2, 0x04, 0xAE, 0x07, 0x21, 0x23, 0x22, 0x21,
    0xAC, 0x0E, 0x81, 0x28, 0xFC, 0xF1, 0xED, 0x52, 0xF6, 0x0D, 0x00, 0x00,
    0xDB, 0x05, 0x6E, 0x07, 0xDC, 0x72, 0x09, 0x00, 0x23, 0x27, 0x22, 0x21,
    0x00, 0x00, 0xB5, 0x4F, 0x80, 0x15, 0x00, 0x00, 0xB5, 0x4F, 0x80, 0x15,
    0xB2, 0x04, 0xAE, 0x07, 0xAC, 0x0E, 0x81, 0x28, 0x23, 0x22, 0x21, 0x23,
    0xFC, 0xF1, 0xED, 0x52, 0xF6, 0x0D, 0x00, 0x00, 0xC8, 0x04, 0xE6, 0x07,
    0xB0, 0x08, 0xC9, 0x34, 0x04, 0xF3, 0xB6, 0x55, 0x16, 0x0E, 0x00, 0x00,
    0x22, 0x21, 0x23, 0x22, 0xB2, 0x04, 0xAE, 0x07, 0xAC, 0x0E, 0x81, 0x28,
    0xFC, 0xF1, 0xED, 0x52, 0xF6, 0x0D, 0x00, 0x00, 0xF9, 0x04, 0x8E, 0x07,
    0x21, 0x23, 0x22, 0x21, 0x64, 0x81, 0x4F, 0x29, 0x56, 0xF5, 0x4A, 0x51,
    0x38, 0x13, 0x00, 0x00, 0xC8, 0x04, 0xE6, 0x07, 0xB0, 0x08, 0xC9, 0x34,
    0x23, 0x27, 0x22, 0x21, 0x04, 0xF3, 0xB6, 0x55, 0x16, 0x0E, 0x00, 0x00,
    0xB6, 0x55, 0x16, 0x0E, 0xF9, 0x04, 0x8E, 0x07, 0x64, 0x81, 0x4F, 0x29,
    0x23, 0x22, 0x21, 0x23, 0x56, 0xF5, 0x4A, 0x51, 0x38, 0x13, 0x00, 0x00,
    0xDB, 0x05, 0x6E, 0x07, 0xDC, 0x72, 0x09, 0x00, 0x00, 0x00, 0xB5, 0x4F,
    0x80, 0x15, 0x00, 0x00, 0x22, 0x21, 0x23, 0x22, 0xF9, 0x04, 0x8E, 0x07,
    0x64, 0x81, 0x4F, 0x29, 0x56, 0xF5, 0x4A, 0x51, 0x38, 0x13, 0x00, 0x00,
    0x71, 0x05, 0x4E, 0x07, 0x21, 0x23, 0x22, 0x21, 0xD0, 0x81, 0x02, 0x37,
    0xFD, 0xFA, 0x1F, 0x4E, 0x4E, 0x16, 0x00, 0x00, 0xDB, 0x05, 0x6E, 0x07,
    0xDC, 0x72, 0x09, 0x00, 0x23, 0x22, 0x21, 0x27, 0x00, 0x00, 0xB5, 0x4F,
    0x80, 0x15, 0x00, 0x00, 0xA8, 0x01, 0x91, 0x05, 0xFF, 0x59, 0x00, 0x00,
    0x1C, 0x53, 0x8B, 0x1F, 0x22, 0x21, 0x23, 0x22, 0x54, 0x01, 0xA6, 0x05,
    0xFE, 0xE8, 0x80, 0x1B, 0xFA, 0x06, 0xB5, 0x52, 0x7C, 0x1C, 0x00, 0x00,
    0x7D, 0x01, 0xA1, 0x05, 0x21, 0x23, 0x22, 0x21, 0x1C, 0x21, 0x7A, 0x0C,
    0x85, 0x03, 0xCD, 0x57, 0x26, 0x1D, 0x00, 0x00, 0x54, 0x01, 0xA6, 0x05,
    0xFE, 0xE8, 0x80, 0x1B, 0x23, 0x22, 0x21, 0x23, 0xFA, 0x06, 0xB5, 0x52,
    0x7C, 0x1C, 0x00, 0x00, 0x52, 0x01, 0xCE, 0x05, 0x7C, 0xA3, 0x7B, 0x19,
    0x1C, 0x07, 0xEC, 0x55, 0x75, 0x17, 0x00, 0x00, 0x22, 0x21, 0x23, 0x27,
    0x7D, 0x01, 0xA1, 0x05, 0x1C, 0x21, 0x7A, 0x0C, 0x85, 0x03, 0xCD, 0x57,
    0x26, 0x1D, 0x00, 0x00, 0xCD, 0x57, 0x26, 0x1D, 0x22, 0x21, 0x23, 0x22,
    0x52, 0x01, 0xCE, 0x05, 0x7C, 0xA3, 0x7B, 0x19, 0x1C, 0x07, 0xEC, 0x55,
    0x75, 0x17, 0x00, 0x00, 0xA8, 0x01, 0xCC, 0x05, 0x21, 0x23, 0x22, 0x21,
    0xCC, 0x13, 0x08, 0x00, 0x00, 0x00, 0xEB, 0x58, 0xBC, 0x17, 0x00, 0x00,
    0x52, 0x01, 0xCE, 0x05, 0x7C, 0xA3, 0x7B, 0x19, 0x23, 0x22, 0x21, 0x23,
    0x1C, 0x07, 0xEC, 0x55, 0x75, 0x17, 0x00, 0x00, 0xA8, 0x01, 0xFB, 0x05,
    0xE4, 0xD8, 0x08, 0x00, 0x00, 0x00, 0x0D, 0x57, 0xC5, 0x11, 0x00, 0x00,
    0x22, 0x21, 0x27, 0x27, 0xA8, 0x01, 0xCC, 0x05, 0xCC, 0x13, 0x08, 0x00,
    0xEB, 0x58, 0xBC, 0x17, 0xEB, 0x58, 0xBC, 0x17, 0x22, 0x21, 0x27, 0x22,
    0xA8, 0x01, 0xFB, 0x05, 0xE4, 0xD8, 0x08, 0x00, 0x0D, 0x57, 0xC5, 0x11,
    0xFD, 0x01, 0xCE, 0x05, 0x21, 0x23, 0x22, 0x21, 0x7C, 0xA3, 0x9B, 0x26,
    0xE4, 0xF8, 0xEC, 0x55, 0x75, 0x17, 0x00, 0x00, 0xA8, 0x01, 0xFB, 0x05,
    0xE4, 0xD8, 0x08, 0x00, 0x23, 0x22, 0x21, 0x23, 0x00, 0x00, 0x0D, 0x57,
    0xC5, 0x11, 0x00, 0x00, 0xD8, 0x01, 0xF8, 0x05, 0x74, 0xA0, 0x4B, 0x26,
    0x14, 0xFC, 0x96, 0x53, 0x1E, 0x12, 0x00, 0x00, 0x22, 0x21, 0x23, 0x27,
    0xFD, 0x01, 0xCE, 0x05, 0x7C, 0xA3, 0x9B, 0x26, 0xE4, 0xF8, 0xEC, 0x55,
    0x75, 0x17, 0x00, 0x00, 0xEC, 0x55, 0x75, 0x17, 0x22, 0x21, 0x23, 0x22,
    0xD8, 0x01, 0xF8, 0x05, 0x74, 0xA0, 0x4B, 0x26, 0x14, 0xFC, 0x96, 0x53,
    0x1E, 0x12, 0x00, 0x00, 0xE4, 0x01, 0xEE, 0x05, 0x21, 0x23, 0x22, 0x21,
    0xB6, 0x88, 0xE2, 0x23, 0xFF, 0xFA, 0xB0, 0x50, 0x68, 0x13, 0x00, 0x00,
    0x90, 0x06, 0x90, 0x07, 0x88, 0x4A, 0xC3, 0x2E, 0x23, 0x22, 0x21, 0x27,
    0xA6, 0xDB, 0xDB, 0x38, 0x35, 0x01, 0x00, 0x00, 0x8B, 0x06, 0x34, 0x07,
    0x52, 0x52, 0x8D, 0x32, 0x0B, 0x39, 0x96, 0xF7, 0x22, 0x21, 0x27, 0x22,
    0x24, 0x06, 0xC6, 0x07, 0x31, 0x4E, 0x63, 0x03, 0xBF, 0x41, 0xD1, 0x04,
    0x8B, 0x06, 0x34, 0x07, 0x21, 0x27, 0x22, 0x21, 0x52, 0x52, 0x8D, 0x32,
    0x0B, 0x39, 0x96, 0xF7, 0x20, 0x06, 0x20, 0x07, 0x35, 0x9A, 0x0C, 0x04,
    0x27, 0x22, 0x21, 0x27, 0xDF, 0x41, 0x65, 0xF5, 0x24, 0x06, 0xC6, 0x07,
    0x31, 0x4E, 0x63, 0x03, 0xBF, 0x41, 0xD1, 0x04, 0x27, 0x22, 0x21, 0x27,
    0xBF, 0x41, 0xD1, 0x04, 0x20, 0x06, 0x20, 0x07, 0x35, 0x9A, 0x0C, 0x04,
    0xDF, 0x41, 0x65, 0xF5, 0x22, 0x21, 0x27, 0x22, 0xEB, 0x05, 0x69, 0x07,
    0x8C, 0x26, 0xF0, 0x15, 0x97, 0x47, 0x1E, 0xFD, 0x20, 0x06, 0x20, 0x07,
    0x21, 0x27, 0x22, 0x21, 0x35, 0x9A, 0x0C, 0x04, 0xDF, 0x41, 0x65, 0xF5,
    0x02, 0x06, 0x21, 0x07, 0x21, 0x84, 0x4A, 0x17, 0x23, 0x22, 0x21, 0x23,
    0xB3, 0xD9, 0x49, 0x45, 0x8B, 0xF5, 0x00, 0x00, 0xEB, 0x05, 0x69, 0x07,
    0x8C, 0x26, 0xF0, 0x15, 0xA6, 0xDB, 0x97, 0x47, 0x1E, 0xFD, 0x00, 0x00,
    0x27, 0x22, 0x21, 0x23, 0x97, 0x47, 0x1E, 0xFD, 0x02, 0x06, 0x21, 0x07,
    0x21, 0x84, 0x4A, 0x17, 0xB3, 0xD9, 0x49, 0x45, 0x8B, 0xF5, 0x00, 0x00,
    0x22, 0x21, 0x27, 0x22, 0xEB, 0x05, 0x69, 0x07, 0xC4, 0xCC, 0x60, 0x1D,
    0x14, 0x48, 0x9F, 0xFC, 0x02, 0x06, 0x21, 0x07, 0x21, 0x27, 0x22, 0x21,
    0x21, 0x84, 0x4A, 0x17, 0x49, 0x45, 0x8B, 0xF5, 0xEB, 0x05, 0x69, 0x07,
    0x26, 0x51, 0x4E, 0x19, 0x23, 0x21, 0x23, 0x27, 0x7C, 0xD7, 0x22, 0x46,
    0x04, 0xFD, 0x00, 0x00, 0xC4, 0xCC, 0x60, 0x1D, 0xB3, 0xD9, 0x14, 0x48,
    0x9F, 0xFC, 0x00, 0x00, 0x14, 0x48, 0x9F, 0xFC, 0x21, 0x23, 0x22, 0x21,
    0x26, 0x51, 0x4E, 0x19, 0x7C, 0xD7, 0x22, 0x46, 0x04, 0xFD, 0x00, 0x00,
    0x1B, 0x06, 0xC9, 0x07, 0xEE, 0x0C, 0xC6, 0x0E, 0x23, 0x22, 0x21, 0x23,
    0x70, 0xD7, 0xEA, 0x41, 0x8B, 0x03, 0x00, 0x00, 0xC2, 0x02, 0xEC, 0x06,
    0xF4, 0x03, 0x88, 0x00, 0x57, 0xF7, 0x25, 0x21, 0x14, 0xF5, 0x00, 0x00,
    0x22, 0x21, 0x23, 0x22, 0x82, 0x02, 0xBE, 0x06, 0x33, 0x10, 0xAC, 0x1B,
    0xC7, 0xEF, 0x52, 0x24, 0x1E, 0xF9, 0x00, 0x00, 0xC4, 0x02, 0xA9, 0x06,
    0x21, 0x23, 0x22, 0x21, 0x4C, 0x13, 0xD9, 0x34, 0x75, 0xF5, 0xB2, 0x25,
    0x75, 0xF4, 0x00, 0x00, 0x82, 0x02, 0xBE, 0x06, 0x33, 0x10, 0xAC, 0x1B,
    0x23, 0x22, 0x21, 0x23, 0xC7, 0xEF, 0x52, 0x24, 0x1E, 0xF9, 0x00, 0x00,
    0x7E, 0x02, 0x71, 0x06, 0xB8, 0xA7, 0x9B, 0x25, 0x65, 0xEF, 0x95, 0x29,
    0xC4, 0xF8, 0x00, 0x00, 0x22, 0x21, 0x23, 0x27, 0xC4, 0x02, 0xA9, 0x06,
    0x4C, 0x13, 0xD9, 0x34, 0x75, 0xF5, 0xB2, 0x25, 0x75, 0xF4, 0x00, 0x00,
    0xB2, 0x25, 0x75, 0xF4, 0x22, 0x21, 0x23, 0x22, 0x7E, 0x02, 0x71, 0x06,
    0xB8, 0xA7, 0x9B, 0x25, 0x65, 0xEF, 0x95, 0x29, 0xC4, 0xF8, 0x00, 0x00,
    0xDD, 0x02, 0x3E, 0x06, 0x21, 0x23, 0x22, 0x21, 0xC5, 0xB3, 0x88, 0x33,
    0x11, 0xF6, 0xDA, 0x2C, 0x7D, 0xF1, 0x00, 0x00, 0x7E, 0x02, 0x71, 0x06,
    0xB8, 0xA7, 0x9B, 0x25, 0x23, 0x22, 0x21, 0x23, 0x65, 0xEF, 0x95, 0x29,
    0xC4, 0xF8, 0x00, 0x00, 0x70, 0x02, 0x01, 0x06, 0xFC, 0x0B, 0x4C, 0x24,
    0x25, 0xEE, 0xFB, 0x31, 0xA6, 0xF8, 0x00, 0x00, 0x22, 0x21, 0x23, 0x27,
    0xDD, 0x02, 0x3E, 0x06, 0xC5, 0xB3, 0x88, 0x33, 0x11, 0xF6, 0xDA, 0x2C,
    0x7D, 0xF1, 0x00, 0x00, 0xDA, 0x2C, 0x7D, 0xF1, 0x22, 0x21, 0x23, 0x22,
    0x70, 0x02, 0x01, 0x06, 0xFC, 0x0B, 0x4C, 0x24, 0x25, 0xEE, 0xFB, 0x31,
    0xA6, 0xF8, 0x00, 0x00, 0xDE, 0x02, 0x84, 0x05, 0x21, 0x23, 0x22, 0x21,
    0x4C, 0xA0, 0x88, 0x34, 0x28, 0xF6, 0x4B, 0x38, 0x23, 0xF3, 0x00, 0x00,
    0x70, 0x02, 0x01, 0x06, 0xFC, 0x0B, 0x4C, 0x24, 0x23, 0x22, 0x21, 0x23,
    0x25, 0xEE, 0xFB, 0x31, 0xA6, 0xF8, 0x00, 0x00, 0x7B, 0x02, 0x88, 0x05,
    0xB4, 0x03, 0x6A, 0x2B, 0x11, 0xEF, 0x51, 0x39, 0x89, 0xF8, 0x00, 0x00,
    0x22, 0x21, 0x23, 0x27, 0xDE, 0x02, 0x84, 0x05, 0x4C, 0xA0, 0x88, 0x34,
    0x28, 0xF6, 0x4B, 0x38, 0x23, 0xF3, 0x00, 0x00, 0x4B, 0x38, 0x23, 0xF3,
    0x22, 0x21, 0x23, 0x22, 0x7B, 0x02, 0x88, 0x05, 0xB4, 0x03, 0x6A, 0x2B,
    0x11, 0xEF, 0x51, 0x39, 0x89, 0xF8, 0x00, 0x00, 0xBC, 0x02, 0x0E, 0x05,
    0x21, 0x23, 0x22, 0x21, 0x24, 0xA1, 0xE9, 0x39, 0xEF, 0xF5, 0xB3, 0x41,
    0x6C, 0xF6, 0x00, 0x00, 0xFC, 0x07, 0xAE, 0x05, 0x06, 0x08, 0x00, 0x20,
    0x23, 0x22, 0x21, 0x23, 0x49, 0x26, 0x27, 0x46, 0x0C, 0xFD, 0x00, 0x00,
    0xFC, 0x07, 0x28, 0x05, 0x02, 0x04, 0xCF, 0x1F, 0xBF, 0x1B, 0x3D, 0x46,
    0x39, 0xFD, 0x00, 0x00, 0x22, 0x21, 0x23, 0x22, 0x81, 0x07, 0xA9, 0x05,
    0xEC, 0xCF, 0x07, 0x39, 0x13, 0x26, 0xB3, 0x41, 0x83, 0x03, 0x00, 0x00,
    0xFC, 0x07, 0x28, 0x05, 0x21, 0x23, 0x22, 0x21, 0x02, 0x04, 0xCF, 0x1F,
    0xBF, 0x1B, 0x3D, 0x46, 0x39, 0xFD, 0x00, 0x00, 0x72, 0x07, 0x0C, 0x05,
    0xF4, 0xEB, 0x47, 0x3B, 0x23, 0x22, 0x21, 0x23, 0xA4, 0x19, 0xA0, 0x40,
    0x5B, 0x03, 0x00, 0x00, 0x81, 0x07, 0xA9, 0x05, 0xEC, 0xCF, 0x07, 0x39,
    0x13, 0x26, 0xB3, 0x41, 0x83, 0x03, 0x00, 0x00, 0x27, 0x22, 0x21, 0x23,
    0xB3, 0x41, 0x83, 0x03, 0x72, 0x07, 0x0C, 0x05, 0xF4, 0xEB, 0x47, 0x3B,
    0xA4, 0x19, 0xA0, 0x40, 0x5B, 0x03, 0x00, 0x00, 0x22, 0x21, 0x23, 0x22,
    0xC8, 0x06, 0x1C, 0x05, 0x20, 0xE4, 0x8A, 0x27, 0xDD, 0x1A, 0x85, 0x39,
    0xF5, 0xFE, 0x00, 0x00, 0x72, 0x07, 0x0C, 0x05, 0x21, 0x23, 0x22, 0x21,
    0xF4, 0xEB, 0x47, 0x3B, 0xA4, 0x19, 0xA0, 0x40, 0x5B, 0x03, 0x00, 0x00,
    0x71, 0x07, 0xF8, 0x04, 0x0B, 0x10, 0xC8, 0x03, 0x23, 0x22, 0x21, 0x23,
    0x16, 0x18, 0x7A, 0x40, 0x58, 0x03, 0x00, 0x00, 0xC8, 0x06, 0x1C, 0x05,
    0x20, 0xE4, 0x8A, 0x27, 0xDD, 0x1A, 0x85, 0x39, 0xF5, 0xFE, 0x00, 0x00,
    0x27, 0x22, 0x21, 0x23, 0x85, 0x39, 0xF5, 0xFE, 0x71, 0x07, 0xF8, 0x04,
    0x0B, 0x10, 0xC8, 0x03, 0x16, 0x18, 0x7A, 0x40, 0x58, 0x03, 0x00, 0x00,
    0x22, 0x21, 0x23, 0x22, 0x80, 0x07, 0x46, 0x04, 0x3E, 0xE0, 0xF8, 0x0D,
    0x0F, 0x0F, 0xAF, 0x41, 0xCA, 0x03, 0x00, 0x00, 0x71, 0x07, 0xF8, 0x04,
    0x21, 0x23, 0x22, 0x21, 0x0B, 0x10, 0xC8, 0x03, 0x16, 0x18, 0x7A, 0x40,
    0x58, 0x03, 0x00, 0x00, 0xFC, 0x07, 0x28, 0x05, 0x02, 0x04, 0xCF, 0x1F,
    0x23, 0x22, 0x21, 0x23, 0xBF, 0x1B, 0x3D, 0x46, 0x39, 0xFD, 0x00, 0x00,
    0x80, 0x07, 0x46, 0x04, 0x3E, 0xE0, 0xF8, 0x0D, 0x0F, 0x0F, 0xAF, 0x41,
    0xCA, 0x03, 0x00, 0x00, 0x27, 0x22, 0x21, 0x23, 0xAF, 0x41, 0xCA, 0x03,
    0xFC, 0x07, 0x28, 0x05, 0x02, 0x04, 0xCF, 0x1F, 0xBF, 0x1B, 0x3D, 0x46,
    0x39, 0xFD, 0x00, 0x00, 0x22, 0x21, 0x23, 0x22, 0xFC, 0x07, 0x4C, 0x04,
    0xEB, 0x43, 0x81, 0x1F, 0x96, 0x0F, 0x58, 0x46, 0x9A, 0xFC, 0x00, 0x00,
    0x2D, 0x04, 0x0E, 0x06, 0x21, 0x23, 0x22, 0x21, 0x4E, 0xE8, 0x07, 0x00,
    0x00, 0x00, 0x94, 0x31, 0xBE, 0x12, 0x00, 0x00, 0x0B, 0x05, 0x09, 0x06,
    0xD9, 0x1F, 0x86, 0x2B, 0x23, 0x22, 0x21, 0x23, 0x04, 0xF3, 0x99, 0x30,
    0x75, 0x0D, 0x00, 0x00, 0x2D, 0x04, 0xC0, 0x06, 0x2C, 0x4B, 0x07, 0x00,
    0x00, 0x00, 0x9D, 0x27, 0xCF, 0x10, 0x00, 0x00, 0x22, 0x21, 0x23, 0x22,
    0x0B, 0x05, 0x09, 0x06, 0xD9, 0x1F, 0x86, 0x2B, 0x04, 0xF3, 0x99, 0x30,
    0x75, 0x0D, 0x00, 0x00, 0xFB, 0x04, 0xBC, 0x06, 0x21, 0x23, 0x22, 0x21,
    0xE0, 0x92, 0xD5, 0x31, 0xD1, 0xF5, 0x73, 0x25, 0x20, 0x0B, 0x00, 0x00,
    0x2D, 0x04, 0xC0, 0x06, 0x2C, 0x4B, 0x07, 0x00, 0x23, 0x27, 0x22, 0x21,
    0x00, 0x00, 0x9D, 0x27, 0xCF, 0x10, 0x00, 0x00, 0x9D, 0x27, 0xCF, 0x10,
    0xFB, 0x04, 0xBC, 0x06, 0xE0, 0x92, 0xD5, 0x31, 0x23, 0x22, 0x21, 0x23,
    0xD1, 0xF5, 0x73, 0x25, 0x20, 0x0B, 0x00, 0x00, 0x2D, 0x04, 0xE9, 0x06,
    0x5D, 0x9A, 0x04, 0x00, 0x00, 0x00, 0x6E, 0x22, 0xDB, 0x0B, 0x00, 0x00,
    0x22, 0x21, 0x23, 0x22, 0xFB, 0x04, 0xBC, 0x06, 0xE0, 0x92, 0xD5, 0x31,
    0xD1, 0xF5, 0x73, 0x25, 0x20, 0x0B, 0x00, 0x00, 0x2D, 0x04, 0xF4, 0x06,
    0x21, 0x23, 0x22, 0x21, 0xA6, 0xEA, 0x05, 0x00, 0x00, 0x00, 0x2E, 0x1F,
    0x6F, 0x04, 0x00, 0x00, 0x2D, 0x04, 0xE9, 0x06, 0x5D, 0x9A, 0x04, 0x00,
    0x27, 0x27, 0x22, 0x21, 0x6E, 0x22, 0xDB, 0x0B, 0x6E, 0x22, 0xDB, 0x0B,
    0x2D, 0x04, 0xF4, 0x06, 0xA6, 0xEA, 0x05, 0x00, 0x27, 0x22, 0x21, 0x23,
    0x2E, 0x1F, 0x6F, 0x04, 0xFB, 0x04, 0xBC, 0x06, 0xE0, 0x92, 0x35, 0x0E,
    0x2F, 0x0A, 0x73, 0x25, 0x20, 0x0B, 0x00, 0x00, 0x22, 0x21, 0x23, 0x22,
    0x2D, 0x04, 0xF4, 0x06, 0xA6, 0xEA, 0x05, 0x00, 0x00, 0x00, 0x2E, 0x1F,
    0x6F, 0x04, 0x00, 0x00, 0xF7, 0x04, 0xD9, 0x06, 0x21, 0x23, 0x22, 0x21,
    0x9C, 0x90, 0x07, 0x3D, 0xF7, 0x09, 0x0C, 0x22, 0x88, 0x08, 0x00, 0x00,
    0xFB, 0x04, 0xBC, 0x06, 0xE0, 0x92, 0x35, 0x0E, 0x23, 0x27, 0x22, 0x21,
    0x2F, 0x0A, 0x73, 0x25, 0x20, 0x0B, 0x00, 0x00, 0x73, 0x25, 0x20, 0x0B,
    0xF7, 0x04, 0xD9, 0x06, 0x9C, 0x90, 0x07, 0x3D, 0x23, 0x22, 0x21, 0x23,
    0xF7, 0x09, 0x0C, 0x22, 0x88, 0x08, 0x00, 0x00, 0x72, 0x05, 0xDC, 0x06,
    0x86, 0x60, 0x43, 0x24, 0x04, 0x11, 0x85, 0x24, 0x14, 0x02, 0x00, 0x00,
    0x22, 0x21, 0x23, 0x22, 0x42, 0x02, 0x86, 0x04, 0xF8, 0x52, 0x03, 0x18,
    0x22, 0x0F, 0x95, 0x4F, 0x4E, 0xFC, 0x00, 0x00, 0x3E, 0x02, 0x86, 0x04,
    0x21, 0x23, 0x22, 0x21, 0xF3, 0x93, 0x42, 0x1E, 0x55, 0x11, 0x2C, 0x4E,
    0xA4, 0x00, 0x00, 0x00, 0x38, 0x02, 0x7E, 0x04, 0x2A, 0x5B, 0xB5, 0x13,
    0x23, 0x22, 0x21, 0x23, 0xE7, 0x09, 0x6B, 0x49, 0xAB, 0xF9, 0x00, 0x00,
    0x3E, 0x02, 0x86, 0x04, 0xF3, 0x93, 0x42, 0x1E, 0x55, 0x11, 0x2C, 0x4E,
    0xA4, 0x00, 0x00, 0x00, 0x22, 0x21, 0x23, 0x22, 0x34, 0x02, 0x83, 0x04,
    0x8C, 0xAF, 0x06, 0x10, 0x21, 0x0D, 0x64, 0x48, 0xB2, 0x00, 0x00, 0x00,
    0x38, 0x02, 0x7E, 0x04, 0x21, 0x23, 0x27, 0x22, 0x2A, 0x5B, 0xB5, 0x13,
    0xE7, 0x09, 0x6B, 0x49, 0xAB, 0xF9, 0x00, 0x00, 0x6B, 0x49, 0xAB, 0xF9,
    0x34, 0x02, 0x83, 0x04, 0x21, 0x23, 0x22, 0x21, 0x8C, 0xAF, 0x06, 0x10,
    0x21, 0x0D, 0x64, 0x48, 0xB2, 0x00, 0x00, 0x00, 0x34, 0x02, 0x73, 0x04,
    0x5D, 0x9B, 0x07, 0x00, 0x23, 0x22, 0x21, 0x23, 0x00, 0x00, 0x21, 0x47,
    0x1D, 0xF8, 0x00, 0x00, 0x34, 0x02, 0x83, 0x04, 0x8C, 0xAF, 0x06, 0x10,
    0x21, 0x0D, 0x64, 0x48, 0xB2, 0x00, 0x00, 0x00, 0x22, 0x21, 0x24, 0x22,
    0x32, 0x02, 0x71, 0x04, 0x5D, 0x9B, 0x07, 0x00, 0x00, 0x4C, 0x04, 0x00,
    0x34, 0x02, 0x73, 0x04, 0x27, 0x27, 0x22, 0x27, 0x21, 0x47, 0x1D, 0xF8,
    0x21, 0x47, 0x1D, 0xF8, 0x32, 0x02, 0x71, 0x04, 0xCD, 0x44, 0xE2, 0xFF,
    0x22, 0x21, 0x23, 0x22, 0x34, 0x02, 0x83, 0x04, 0x8C, 0xAF, 0x06, 0x30,
    0xDF, 0xF2, 0x64, 0x48, 0xB2, 0x00, 0x00, 0x00, 0x32, 0x02, 0x71, 0x04,
    0x21, 0x24, 0x22, 0x21, 0x5D, 0x9B, 0x07, 0x00, 0x00, 0x4C, 0x04, 0x00,
    0x2D, 0x02, 0x76, 0x04, 0xDD, 0xCB, 0xD7, 0x38, 0x23, 0x22, 0x21, 0x23,
    0x6E, 0xFD, 0x80, 0x42, 0x01, 0x09, 0x00, 0x00, 0x34, 0x02, 0x83, 0x04,
    0x8C, 0xAF, 0x06, 0x30, 0xDF, 0xF2, 0x64, 0x48, 0xB2, 0x00, 0x00, 0x00,
    0x27, 0x22, 0x21, 0x23, 0x64, 0x48, 0xB2, 0x00, 0x2D, 0x02, 0x76, 0x04,
    0xDD, 0xCB, 0xD7, 0x38, 0x6E, 0xFD, 0x80, 0x42, 0x01, 0x09, 0x00, 0x00,
    0x22, 0x21, 0x23, 0x22, 0x32, 0x02, 0x7E, 0x04, 0x2E, 0xB0, 0xA6, 0x2E,
    0xF2, 0xF5, 0xDA, 0x45, 0x3B, 0x08, 0x00, 0x00, 0xA3, 0x02, 0x40, 0x04,
    0x21, 0x23, 0x22, 0x21, 0xFF, 0x45, 0xD0, 0x3F, 0x10, 0xF5, 0xD1, 0x45,
    0x9D, 0xFC, 0x00, 0x00, 0xF8, 0x02, 0x24, 0x04, 0xC4, 0x65, 0x4F, 0x31,
    0x25, 0x22, 0x21, 0x23, 0x63, 0xF9, 0x83, 0x45, 0xBC, 0x02, 0x0E, 0x05,
    0x24, 0xA1, 0xE9, 0x39, 0xEF, 0xF5, 0xB3, 0x41, 0x6C, 0xF6, 0x00, 0x00,
    0x22, 0x21, 0x23, 0x22, 0xF8, 0x02, 0x24, 0x04, 0xC4, 0x65, 0x4F, 0x31,
    0x63, 0xF9, 0x83, 0x45, 0x9D, 0xFC, 0x00, 0x00, 0x40, 0x03, 0x22, 0x04,
    0x21, 0x23, 0x22, 0x21, 0x23, 0x71, 0x09, 0x00, 0x00, 0x00, 0x8B, 0x45,
    0xC0, 0xF4, 0x00, 0x00, 0xBC, 0x02, 0x0E, 0x05, 0x24, 0xA1, 0xE9, 0x39,
    0x23, 0x27, 0x22, 0x21, 0xEF, 0xF5, 0xB3, 0x41, 0x6C, 0xF6, 0x00, 0x00,
    0xB3, 0x41, 0x6C, 0xF6, 0x40, 0x03, 0x22, 0x04, 0x23, 0x71, 0x09, 0x00,
    0x23, 0x22, 0x21, 0x27, 0x00, 0x00, 0x8B, 0x45, 0xC0, 0xF4, 0x00, 0x00,
    0x40, 0x03, 0x3B, 0x05, 0x80, 0x40, 0x08, 0x00, 0xD5, 0x3F, 0xC9, 0xF2,
    0x22, 0x21, 0x27, 0x22, 0x40, 0x03, 0x22, 0x04, 0x23, 0x71, 0x09, 0x00,
    0x8B, 0x45, 0xC0, 0xF4, 0xC3, 0x03, 0x0E, 0x05, 0x21, 0x23, 0x22, 0x21,
    0x24, 0xA1, 0x29, 0x06, 0x11, 0x0A, 0xB3, 0x41, 0x6C, 0xF6, 0x00, 0x00,
    0x40, 0x03, 0x3B, 0x05, 0x80, 0x40, 0x08, 0x00, 0x23, 0x27, 0x22, 0x21,
    0x00, 0x00, 0xD5, 0x3F, 0xC9, 0xF2, 0x00, 0x00, 0xD5, 0x3F, 0xC9, 0xF2,
    0xC3, 0x03, 0x0E, 0x05, 0x24, 0xA1, 0x29, 0x06, 0x23, 0x22, 0x21, 0x23,
    0x11, 0x0A, 0xB3, 0x41, 0x6C, 0xF6, 0x00, 0x00, 0xA1, 0x03, 0x84, 0x05,
    0x4C, 0xA0, 0x88, 0x0B, 0xD8, 0x09, 0x4B, 0x38, 0x23, 0xF3, 0x00, 0x00,
    0x22, 0x21, 0x23, 0x22, 0xC3, 0x03, 0x0E, 0x05, 0x24, 0xA1, 0x29, 0x06,
    0x11, 0x0A, 0xB3, 0x41, 0x6C, 0xF6, 0x00, 0x00, 0x04, 0x04, 0x7B, 0x05,
    0x21, 0x23, 0x22, 0x21, 0xB4, 0x03, 0xAA, 0x14, 0xEF, 0x10, 0x51, 0x39,
    0x89, 0xF8, 0x00, 0x00, 0xA1, 0x03, 0x84, 0x05, 0x4C, 0xA0, 0x88, 0x0B,
    0x23, 0x27, 0x22, 0x21, 0xD8, 0x09, 0x4B, 0x38, 0x23, 0xF3, 0x00, 0x00,
    0x4B, 0x38, 0x23, 0xF3, 0x04, 0x04, 0x7B, 0x05, 0xB4, 0x03, 0xAA, 0x14,
    0x23, 0x22, 0x21, 0x23, 0xEF, 0x10, 0x51, 0x39, 0x89, 0xF8, 0x00, 0x00,
    0x10, 0x04, 0xF9, 0x05, 0xFC, 0x0B, 0xCC, 0x1B, 0xDB, 0x11, 0xFB, 0x31,
    0xA6, 0xF8, 0x00, 0x00, 0x22, 0x21, 0x23, 0x22, 0xFD, 0x07, 0xAE, 0x05,
    0x06, 0x08, 0xF0, 0x1F, 0xB7, 0xD9, 0x27, 0x46, 0x0C, 0xFD, 0x00, 0x00,
    0x81, 0x07, 0xA9, 0x05, 0x21, 0x23, 0x22, 0x21, 0xEC, 0xCF, 0x07, 0x07,
    0xED, 0xD9, 0xB3, 0x41, 0x83, 0x03, 0x00, 0x00, 0xFD, 0x07, 0x28, 0x05,
    0x02, 0x04, 0x4F, 0x20, 0x23, 0x22, 0x21, 0x23, 0x41, 0xE4, 0x3D, 0x46,
    0x39, 0xFD, 0x00, 0x00, 0x81, 0x07, 0xA9, 0x05, 0xEC, 0xCF, 0x07, 0x07,
    0xED, 0xD9, 0xB3, 0x41, 0x83, 0x03, 0x00, 0x00, 0x22, 0x21, 0x23, 0x22,
    0x72, 0x07, 0x0C, 0x05, 0xF4, 0xEB, 0xC7, 0x04, 0x5C, 0xE6, 0xA0, 0x40,
    0x5B, 0x03, 0x00, 0x00, 0xFD, 0x07, 0x28, 0x05, 0x21, 0x23, 0x27, 0x22,
    0x02, 0x04, 0x4F, 0x20, 0x41, 0xE4, 0x3D, 0x46, 0x39, 0xFD, 0x00, 0x00,
    0x3D, 0x46, 0x39, 0xFD, 0x72, 0x07, 0x0C, 0x05, 0x21, 0x23, 0x22, 0x21,
    0xF4, 0xEB, 0xC7, 0x04, 0x5C, 0xE6, 0xA0, 0x40, 0x5B, 0x03, 0x00, 0x00,
    0x70, 0x07, 0xF8, 0x04, 0x0B, 0x10, 0x48, 0x3C, 0x23, 0x22, 0x21, 0x23,
    0xEA, 0xE7, 0x7A, 0x40, 0x58, 0x03, 0x00, 0x00, 0x72, 0x07, 0x0C, 0x05,
    0xF4, 0xEB, 0xC7, 0x04, 0x5C, 0xE6, 0xA0, 0x40, 0x5B, 0x03, 0x00, 0x00,
    0x22, 0x21, 0x23, 0x22, 0xC8, 0x06, 0x1C, 0x05, 0x20, 0xE4, 0x8A, 0x18,
    0x23, 0xE5, 0x85, 0x39, 0xF5, 0xFE, 0x00, 0x00, 0x70, 0x07, 0xF8, 0x04,
    0x21, 0x23, 0x27, 0x22, 0x0B, 0x10, 0x48, 0x3C, 0xEA, 0xE7, 0x7A, 0x40,
    0x58, 0x03, 0x00, 0x00, 0x7A, 0x40, 0x58, 0x03, 0xC8, 0x06, 0x1C, 0x05,
    0x21, 0x23, 0x22, 0x21, 0x20, 0xE4, 0x8A, 0x18, 0x23, 0xE5, 0x85, 0x39,
    0xF5, 0xFE, 0x00, 0x00, 0x81, 0x07, 0x47, 0x04, 0x3E, 0xE0, 0x18, 0x32,
    0x23, 0x22, 0x21, 0x23, 0xF1, 0xF0, 0xAF, 0x41, 0xCA, 0x03, 0x00, 0x00,
    0xC8, 0x06, 0x1C, 0x05, 0x20, 0xE4, 0x8A, 0x18, 0x23, 0xE5, 0x85, 0x39,
    0xF5, 0xFE, 0x00, 0x00, 0x22, 0x21, 0x23, 0x22, 0xE7, 0x06, 0x63, 0x04,
    0x60, 0xDF, 0xC4, 0x28, 0xC8, 0xEE, 0x99, 0x39, 0x0D, 0x02, 0x00, 0x00,
    0x81, 0x07, 0x47, 0x04, 0x21, 0x23, 0x27, 0x22, 0x3E, 0xE0, 0x18, 0x32,
    0xF1, 0xF0, 0xAF, 0x41, 0xCA, 0x03, 0x00, 0x00, 0xAF, 0x41, 0xCA, 0x03,
    0xE7, 0x06, 0x63, 0x04, 0x21, 0x23, 0x22, 0x21, 0x60, 0xDF, 0xC4, 0x28,
    0xC8, 0xEE, 0x99, 0x39, 0x0D, 0x02, 0x00, 0x00, 0x86, 0x07, 0x0C, 0x04,
    0x7B, 0xC1, 0x04, 0x36, 0x23, 0x22, 0x21, 0x23, 0x47, 0xF4, 0xD0, 0x42,
    0x2C, 0x04, 0x00, 0x00, 0x28, 0x00, 0xF3, 0x07, 0x14, 0x22, 0x22, 0x3E,
    0xF6, 0x02, 0x8A, 0x47, 0x5B, 0xEE, 0x00, 0x00, 0x22, 0x21, 0x23, 0x22,
    0x08, 0x00, 0xF9, 0x07, 0xD4, 0xFB, 0x07, 0x00, 0x00, 0x00, 0x21, 0x47,
    0x1D, 0xF8, 0x00, 0x00, 0x08, 0x00, 0xA4, 0x07, 0x21, 0x27, 0x22, 0x21,
    0x04, 0xF2, 0x00, 0x00, 0x2E, 0x4D, 0x02, 0xF0, 0x08, 0x00, 0xF9, 0x07,
    0xD4, 0xFB, 0x07, 0x00, 0x27, 0x22, 0x21, 0x23, 0x21, 0x47, 0x1D, 0xF8,
    0x28, 0x00, 0xF3, 0x07, 0x14, 0x22, 0xE2, 0x01, 0x0A, 0xFD, 0x8A, 0x47,
    0x5B, 0xEE, 0x00, 0x00, 0x22, 0x21, 0x23, 0x27, 0x08, 0x00, 0xA4, 0x07,
    0x04, 0xF2, 0x00, 0x00, 0x00, 0x00, 0x2E, 0x4D, 0x02, 0xF0, 0x00, 0x00,
    0x2E, 0x4D, 0x02, 0xF0, 0x22, 0x21, 0x23, 0x22, 0x28, 0x00, 0xF3, 0x07,
    0x14, 0x22, 0xE2, 0x01, 0x0A, 0xFD, 0x8A, 0x47, 0x5B, 0xEE, 0x00, 0x00,
    0x69, 0x00, 0xA0, 0x07, 0x21, 0x23, 0x22, 0x21, 0x4D, 0xF2, 0xAE, 0x2F,
    0x20, 0xF7, 0x84, 0x4D, 0xAD, 0xF2, 0x00, 0x00, 0x28, 0x00, 0xF3, 0x07,
    0x14, 0x22, 0xE2, 0x01, 0x23, 0x22, 0x21, 0x23, 0x0A, 0xFD, 0x8A, 0x47,
    0x5B, 0xEE, 0x00, 0x00, 0x60, 0x00, 0xE9, 0x07, 0x2A, 0x5B, 0x55, 0x2C,
    0x08, 0xF8, 0x39, 0x48, 0x4D, 0xF0, 0x00, 0x00, 0x22, 0x21, 0x23, 0x27,
    0x69, 0x00, 0xA0, 0x07, 0x4D, 0xF2, 0xAE, 0x2F, 0x20, 0xF7, 0x84, 0x4D,
    0xAD, 0xF2, 0x00, 0x00, 0x84, 0x4D, 0xAD, 0xF2, 0x22, 0x21, 0x23, 0x22,
    0x60, 0x00, 0xE9, 0x07, 0x2A, 0x5B, 0x55, 0x2C, 0x08, 0xF8, 0x39, 0x48,
    0x4D, 0xF0, 0x00, 0x00, 0x75, 0x00, 0xD9, 0x07, 0x21, 0x23, 0x22, 0x21,
    0x1B, 0x70, 0x87, 0x34, 0x19, 0xF6, 0x6B, 0x49, 0xAB, 0xF9, 0x00, 0x00,
    0x60, 0x00, 0xE9, 0x07, 0x2A, 0x5B, 0x55, 0x2C, 0x23, 0x22, 0x21, 0x23,
    0x08, 0xF8, 0x39, 0x48, 0x4D, 0xF0, 0x00, 0x00, 0x08, 0x00, 0xF9, 0x07,
    0xD4, 0xFB, 0x07, 0x00, 0x00, 0x00, 0x21, 0x47, 0x1D, 0xF8, 0x00, 0x00,
    0x22, 0x21, 0x23, 0x22, 0x75, 0x00, 0xD9, 0x07, 0x1B, 0x70, 0x87, 0x34,
    0x19, 0xF6, 0x6B, 0x49, 0xAB, 0xF9, 0x00, 0x00, 0x80, 0x00, 0x4C, 0x06,
    0x21, 0x23, 0x22, 0x21, 0x26, 0x20, 0x8A, 0x15, 0x08, 0x0C, 0xB0, 0x65,
    0x85, 0x0E, 0x00, 0x00, 0x0F, 0x00, 0x76, 0x06, 0x82, 0x44, 0x08, 0x00,
    0x23, 0x22, 0x21, 0x23, 0x00, 0x00, 0x8A, 0x69, 0x2B, 0x12, 0x00, 0x00,
    0x79, 0x00, 0xCE, 0x06, 0x53, 0x3D, 0x33, 0x14, 0x40, 0x0E, 0xD9, 0x62,
    0x70, 0x16, 0x00, 0x00, 0x22, 0x21, 0x23, 0x22, 0x0F, 0x00, 0x76, 0x06,
    0x82, 0x44, 0x08, 0x00, 0x00, 0x00, 0x8A, 0x69, 0x2B, 0x12, 0x00, 0x00,
    0x0F, 0x00, 0xF8, 0x06, 0x21, 0x27, 0x22, 0x21, 0xFA, 0x41, 0x01, 0x00,
    0x5E, 0x66, 0xA2, 0x1D, 0x79, 0x00, 0xCE, 0x06, 0x53, 0x3D, 0x33, 0x14,
    0x23, 0x27, 0x22, 0x21, 0x40, 0x0E, 0xD9, 0x62, 0x70, 0x16, 0x00, 0x00,
    0xD9, 0x62, 0x70, 0x16, 0x0F, 0x00, 0xF8, 0x06, 0xFA, 0x41, 0x01, 0x00,
    0x23, 0x22, 0x21, 0x27, 0x00, 0x00, 0x5E, 0x66, 0xA2, 0x1D, 0x00, 0x00,
    0x0F, 0x00, 0x69, 0x06, 0x4B, 0xEC, 0x07, 0x00, 0xDB, 0x63, 0x19, 0x10,
    0x22, 0x21, 0x27, 0x22, 0x0F, 0x00, 0xF8, 0x06, 0xFA, 0x41, 0x01, 0x00,
    0x5E, 0x66, 0xA2, 0x1D, 0x79, 0x00, 0xCE, 0x06, 0x21, 0x23, 0x22, 0x21,
    0x53, 0x3D, 0xD3, 0x2B, 0xC0, 0xF1, 0xD9, 0x62, 0x70, 0x16, 0x00, 0x00,
    0x0F, 0x00, 0x69, 0x06, 0x4B, 0xEC, 0x07, 0x00, 0x23, 0x27, 0x22, 0x21,
    0x00, 0x00, 0xDB, 0x63, 0x19, 0x10, 0x00, 0x00, 0xDB, 0x63, 0x19, 0x10,
    0x79, 0x00, 0xCE, 0x06, 0x53, 0x3D, 0xD3, 0x2B, 0x23, 0x22, 0x21, 0x23,
    0xC0, 0xF1, 0xD9, 0x62, 0x70, 0x16, 0x00, 0x00, 0x71, 0x00, 0x44, 0x06,
    0x58, 0x80, 0x87, 0x09, 0x31, 0xF5, 0x3C, 0x62, 0x2A, 0x0D, 0x00, 0x00,
    0x22, 0x21, 0x23, 0x22, 0x79, 0x00, 0xCE, 0x06, 0x53, 0x3D, 0xD3, 0x2B,
    0xC0, 0xF1, 0xD9, 0x62, 0x70, 0x16, 0x00, 0x00, 0xBD, 0x00, 0x41, 0x06,
    0x21, 0x23, 0x22, 0x21, 0x7A, 0x5C, 0x85, 0x29, 0xF6, 0xF0, 0x9B, 0x5E,
    0x29, 0x08, 0x00, 0x00, 0x71, 0x00, 0x44, 0x06, 0x58, 0x80, 0x87, 0x09,
    0x23, 0x22, 0x21, 0x23, 0x31, 0xF5, 0x3C, 0x62, 0x2A, 0x0D, 0x00, 0x00,
    0x60, 0x00, 0xE9, 0x07, 0x2A, 0x5B, 0xB5, 0x13, 0xF8, 0x07, 0x39, 0x48,
    0x4D, 0xF0, 0x00, 0x00, 0x22, 0x21, 0x23, 0x22, 0x69, 0x00, 0xA0, 0x07,
    0x4D, 0xF2, 0x6E, 0x10, 0xE0, 0x08, 0x84, 0x4D, 0xAD, 0xF2, 0x00, 0x00,
    0x75, 0x00, 0xD9, 0x07, 0x21, 0x23, 0x22, 0x21, 0x1B, 0x70, 0x87, 0x0B,
    0xE7, 0x09, 0x6B, 0x49, 0xAB, 0xF9, 0x00, 0x00, 0x69, 0x00, 0xA0, 0x07,
    0x4D, 0xF2, 0x6E, 0x10, 0x23, 0x22, 0x21, 0x23, 0xE0, 0x08, 0x84, 0x4D,
    0xAD, 0xF2, 0x00, 0x00, 0x8F, 0x00, 0xD6, 0x07, 0xAE, 0x02, 0x86, 0x00,
    0x46, 0x0C, 0xAD, 0x49, 0x0E, 0xF2, 0x00, 0x00, 0x22, 0x21, 0x23, 0x27,
    0x75, 0x00, 0xD9, 0x07, 0x1B, 0x70, 0x87, 0x0B, 0xE7, 0x09, 0x6B, 0x49,
    0xAB, 0xF9, 0x00, 0x00, 0x6B, 0x49, 0xAB, 0xF9, 0x22, 0x21, 0x23, 0x22,
    0x8F, 0x00, 0xD6, 0x07, 0xAE, 0x02, 0x86, 0x00, 0x46, 0x0C, 0xAD, 0x49,
    0x0E, 0xF2, 0x00, 0x00, 0xB7, 0x00, 0xC4, 0x07, 0x21, 0x23, 0x22, 0x21,
    0x39, 0xC3, 0xA1, 0x1C, 0xF5, 0x0F, 0xF4, 0x4A, 0x1B, 0xF5, 0x00, 0x00,
    0x8F, 0x00, 0xD6, 0x07, 0xAE, 0x02, 0x86, 0x00, 0x23, 0x22, 0x21, 0x23,
    0x46, 0x0C, 0xAD, 0x49, 0x0E, 0xF2, 0x00, 0x00, 0x69, 0x00, 0xA0, 0x07,
    0x4D, 0xF2, 0x6E, 0x10, 0xE0, 0x08, 0x84, 0x4D, 0xAD, 0xF2, 0x00, 0x00,
    0x22, 0x21, 0x23, 0x27, 0xB7, 0x00, 0xC4, 0x07, 0x39, 0xC3, 0xA1, 0x1C,
    0xF5, 0x0F, 0xF4, 0x4A, 0x1B, 0xF5, 0x00, 0x00, 0xF4, 0x4A, 0x1B, 0xF5,
    0x22, 0x21, 0x23, 0x22, 0x69, 0x00, 0xA0, 0x07, 0x4D, 0xF2, 0x6E, 0x10,
    0xE0, 0x08, 0x84, 0x4D, 0xAD, 0xF2, 0x00, 0x00, 0xAE, 0x00, 0x83, 0x07,
    0x21, 0x23, 0x22, 0x21, 0x88, 0xA3, 0x00, 0x1F, 0x22, 0x0F, 0x95, 0x4F,
    0x4E, 0xFC, 0x00, 0x00, 0x69, 0x00, 0xA0, 0x07, 0x4D, 0xF2, 0x6E, 0x10,
    0x23, 0x22, 0x21, 0x23, 0xE0, 0x08, 0x84, 0x4D, 0xAD, 0xF2, 0x00, 0x00,
    0xBA, 0x00, 0x0C, 0x07, 0xAC, 0x82, 0xC0, 0x17, 0x41, 0x10, 0x03, 0x58,
    0xEB, 0xF9, 0x00, 0x00, 0x22, 0x21, 0x23, 0x22, 0xAE, 0x00, 0x83, 0x07,
    0x88, 0xA3, 0x00, 0x1F, 0x22, 0x0F, 0x95, 0x4F, 0x4E, 0xFC, 0x00, 0x00,
    0x09, 0x04, 0x31, 0x07, 0x21, 0x23, 0x22, 0x21, 0xAE, 0x01, 0x72, 0x0F,
    0x64, 0xFA, 0x00, 0x00, 0x26, 0x11, 0x00, 0x00, 0x09, 0x04, 0x49, 0x07,
    0x8C, 0x00, 0xB2, 0x1D, 0x26, 0x22, 0x21, 0x23, 0x15, 0xFE, 0x44, 0x0B,
    0x5E, 0x04, 0x38, 0x07, 0xCC, 0x40, 0x3F, 0x1D, 0x69, 0xFF, 0x94, 0x08,
    0x96, 0x0E, 0x00, 0x00, 0x22, 0x21, 0x23, 0x22, 0x09, 0x04, 0x49, 0x07,
    0x8C, 0x00, 0xB2, 0x1D, 0x15, 0xFE, 0x00, 0x00, 0x44, 0x0B, 0x00, 0x00,
    0x09, 0x04, 0xC1, 0x07, 0x21, 0x26, 0x22, 0x21, 0x39, 0xC3, 0xA1, 0x1C,
    0x91, 0xFE, 0x0A, 0xFA, 0x5E, 0x04, 0x38, 0x07, 0xCC, 0x40, 0x3F, 0x1D,
    0x23, 0x27, 0x22, 0x21, 0x69, 0xFF, 0x94, 0x08, 0x96, 0x0E, 0x00, 0x00,
    0x94, 0x08, 0x96, 0x0E, 0x09, 0x04, 0xC1, 0x07, 0x39, 0xC3, 0xA1, 0x1C,
    0x23, 0x22, 0x21, 0x23, 0x91, 0xFE, 0x00, 0x00, 0x0A, 0xFA, 0x00, 0x00,
    0x52, 0x04, 0xC9, 0x07, 0x29, 0x5F, 0xFF, 0x1C, 0x89, 0xFF, 0x41, 0x07,
    0x71, 0xF9, 0x00, 0x00, 0x22, 0x21, 0x23, 0x22, 0x09, 0x04, 0xC1, 0x07,
    0x39, 0xC3, 0xA1, 0x1C, 0x91, 0xFE, 0x00, 0x00, 0x0A, 0xFA, 0x00, 0x00,
    0x3B, 0x04, 0xF9, 0x07, 0x21, 0x23, 0x22, 0x21, 0x08, 0xCE, 0x20, 0x04,
    0x77, 0xF8, 0x63, 0x04, 0x3A, 0xF3, 0x00, 0x00, 0x52, 0x04, 0xC9, 0x07,
    0x29, 0x5F, 0xFF, 0x1C, 0x23, 0x27, 0x22, 0x21, 0x89, 0xFF, 0x41, 0x07,
    0x71, 0xF9, 0x00, 0x00, 0x41, 0x07, 0x71, 0xF9, 0x3B, 0x04, 0xF9, 0x07,
    0x08, 0xCE, 0x20, 0x04, 0x23, 0x22, 0x21, 0x23, 0x77, 0xF8, 0x63, 0x04,
    0x3A, 0xF3, 0x00, 0x00, 0x63, 0x04, 0xF1, 0x07, 0x1C, 0xB6, 0x7D, 0x04,
    0x31, 0xF8, 0x71, 0x08, 0x6C, 0xF4, 0x00, 0x00, 0x22, 0x21, 0x23, 0x22,
    0x3B, 0x04, 0xF9, 0x07, 0x08, 0xCE, 0x20, 0x04, 0x77, 0xF8, 0x63, 0x04,
    0x3A, 0xF3, 0x00, 0x00, 0x59, 0x04, 0xD9, 0x07, 0x21, 0x23, 0x22, 0x21,
    0x88, 0x26, 0x50, 0x2A, 0x7F, 0xEF, 0x11, 0x08, 0x69, 0xF7, 0x00, 0x00,
    0x63, 0x04, 0xF1, 0x07, 0x1C, 0xB6, 0x7D, 0x04, 0x23, 0x22, 0x21, 0x23,
    0x31, 0xF8, 0x71, 0x08, 0x6C, 0xF4, 0x00, 0x00, 0xE8, 0x07, 0x2B, 0x06,
    0x5D, 0x73, 0x08, 0x00, 0x00, 0x00, 0x9C, 0x20, 0xB1, 0xF8, 0x00, 0x00,
    0x22, 0x21, 0x23, 0x22, 0xF4, 0x07, 0x7C, 0x06, 0x15, 0xC8, 0x3A, 0x18,
    0x8A, 0x01, 0x6D, 0x17, 0x04, 0xF6, 0x00, 0x00, 0xA8, 0x07, 0x29, 0x06,
    0x21, 0x23, 0x22, 0x21, 0xA6, 0xEA, 0x05, 0x00, 0x00, 0x00, 0x2E, 0x1F,
    0x6F, 0x04, 0x00, 0x00, 0xF4, 0x07, 0x7C, 0x06, 0x15, 0xC8, 0x3A, 0x18,
    0x23, 0x22, 0x21, 0x23, 0x8A, 0x01, 0x6D, 0x17, 0x04, 0xF6, 0x00, 0x00,
    0xB6, 0x07, 0x7E, 0x06, 0xF5, 0x1B, 0x84, 0x1B, 0x16, 0x01, 0x13, 0x15,
    0x6D, 0x03, 0x00, 0x00, 0x22, 0x21, 0x23, 0x27, 0xA8, 0x07, 0x29, 0x06,
    0xA6, 0xEA, 0x05, 0x00, 0x00, 0x00, 0x2E, 0x1F, 0x6F, 0x04, 0x00, 0x00,
    0x2E, 0x1F, 0x6F, 0x04, 0x22, 0x21, 0x23, 0x22, 0xB6, 0x07, 0x7E, 0x06,
    0xF5, 0x1B, 0x84, 0x1B, 0x16, 0x01, 0x13, 0x15, 0x6D, 0x03, 0x00, 0x00,
    0x5B, 0x07, 0x10, 0x06, 0x21, 0x23, 0x22, 0x21, 0x9C, 0x90, 0x07, 0x3D,
    0xF7, 0x09, 0x0C, 0x22, 0x88, 0x08, 0x00, 0x00, 0xB6, 0x07, 0x7E, 0x06,
    0xF5, 0x1B, 0x84, 0x1B, 0x23, 0x22, 0x21, 0x23, 0x16, 0x01, 0x13, 0x15,
    0x6D, 0x03, 0x00, 0x00, 0x58, 0x07, 0x6C, 0x06, 0x23, 0x90, 0xC7, 0x35,
    0x9A, 0x09, 0x6C, 0x15, 0x0B, 0x08, 0x00, 0x00, 0x22, 0x21, 0x23, 0x27,
    0x5B, 0x07, 0x10, 0x06, 0x9C, 0x90, 0x07, 0x3D, 0xF7, 0x09, 0x0C, 0x22,
    0x88, 0x08, 0x00, 0x00, 0x0C, 0x22, 0x88, 0x08, 0x22, 0x21, 0x23, 0x22,
    0x58, 0x07, 0x6C, 0x06, 0x23, 0x90, 0xC7, 0x35, 0x9A, 0x09, 0x6C, 0x15,
    0x0B, 0x08, 0x00, 0x00, 0x03, 0x07, 0xF4, 0x05, 0x21, 0x23, 0x22, 0x21,
    0x86, 0x60, 0x43, 0x24, 0x04, 0x11, 0x85, 0x24, 0x14, 0x02, 0x00, 0x00,
    0x58, 0x07, 0x6C, 0x06, 0x23, 0x90, 0xC7, 0x35, 0x23, 0x22, 0x21, 0x23,
    0x9A, 0x09, 0x6C, 0x15, 0x0B, 0x08, 0x00, 0x00, 0xED, 0x06, 0x76, 0x06,
    0x07, 0xD0, 0x40, 0x20, 0x5B, 0x11, 0xA3, 0x15, 0x81, 0xFE, 0x00, 0x00,
    0x22, 0x21, 0x23, 0x22, 0x03, 0x07, 0xF4, 0x05, 0x86, 0x60, 0x43, 0x24,
    0x04, 0x11, 0x85, 0x24, 0x14, 0x02, 0x00, 0x00, 0x18, 0x01, 0x36, 0x04,
    0x21, 0x23, 0x22, 0x21, 0x00, 0x53, 0x8F, 0x1B, 0x51, 0x13, 0xF2, 0x5F,
    0x97, 0xF1, 0x00, 0x00, 0x0C, 0x01, 0x32, 0x04, 0xFC, 0x42, 0xB5, 0x11,
    0x23, 0x22, 0x21, 0x23, 0x3B, 0x0D, 0x8F, 0x58, 0x9E, 0xEF, 0x00, 0x00,
    0xE7, 0x00, 0x24, 0x04, 0x01, 0x72, 0x00, 0x00, 0x00, 0x00, 0xEE, 0x5D,
    0xF3, 0xE5, 0x00, 0x00, 0x22, 0x21, 0x23, 0x22, 0x0C, 0x01, 0x32, 0x04,
    0xFC, 0x42, 0xB5, 0x11, 0x3B, 0x0D, 0x8F, 0x58, 0x9E, 0xEF, 0x00, 0x00,
    0xE7, 0x00, 0x28, 0x04, 0x21, 0x23, 0x22, 0x21, 0x90, 0x8E, 0x05, 0x00,
    0x00, 0x00, 0xDE, 0x56, 0x57, 0xE9, 0x00, 0x00, 0xE7, 0x00, 0x24, 0x04,
    0x01, 0x72, 0x00, 0x00, 0x27, 0x27, 0x22, 0x21, 0xEE, 0x5D, 0xF3, 0xE5,
    0xEE, 0x5D, 0xF3, 0xE5, 0xE7, 0x00, 0x28, 0x04, 0x90, 0x8E, 0x05, 0x00,
    0x27, 0x22, 0x21, 0x23, 0xDE, 0x56, 0x57, 0xE9, 0x0C, 0x01, 0x32, 0x04,
    0xFC, 0x42, 0x55, 0x2E, 0xC5, 0xF2, 0x8F, 0x58, 0x9E, 0xEF, 0x00, 0x00,
    0x22, 0x21, 0x23, 0x22, 0xE7, 0x00, 0x28, 0x04, 0x90, 0x8E, 0x05, 0x00,
    0x00, 0x00, 0xDE, 0x56, 0x57, 0xE9, 0x00, 0x00, 0xE7, 0x00, 0x2F, 0x04,
    0x21, 0x27, 0x22, 0x21, 0x5D, 0x9B, 0x07, 0x00, 0xBD, 0x54, 0x35, 0xED,
    0x0C, 0x01, 0x32, 0x04, 0xFC, 0x42, 0x55, 0x2E, 0x23, 0x27, 0x22, 0x21,
    0xC5, 0xF2, 0x8F, 0x58, 0x9E, 0xEF, 0x00, 0x00, 0x8F, 0x58, 0x9E, 0xEF,
    0xE7, 0x00, 0x2F, 0x04, 0x5D, 0x9B, 0x07, 0x00, 0x23, 0x22, 0x21, 0x23,
    0x00, 0x00, 0xBD, 0x54, 0x35, 0xED, 0x00, 0x00, 0x13, 0x01, 0x44, 0x04,
    0x8C, 0xAF, 0x06, 0x30, 0xBF, 0xEF, 0x03, 0x58, 0xEB, 0xF9, 0x00, 0x00,
    0x22, 0x21, 0x23, 0x22, 0xD4, 0x05, 0xF6, 0x06, 0x33, 0x10, 0x6C, 0x24,
    0x39, 0x10, 0x52, 0x24, 0x1E, 0xF9, 0x00, 0x00, 0xDC, 0x05, 0xA3, 0x06,
    0x21, 0x23, 0x22, 0x21, 0xB8, 0xA7, 0x7B, 0x1A, 0x9B, 0x10, 0x95, 0x29,
    0xC4, 0xF8, 0x00, 0x00, 0x66, 0x05, 0x86, 0x06, 0x8D, 0x53, 0xC1, 0x1E,
    0x23, 0x22, 0x21, 0x23, 0x96, 0x12, 0x49, 0x28, 0x2E, 0x03, 0x00, 0x00,
    0xDC, 0x05, 0xA3, 0x06, 0xB8, 0xA7, 0x7B, 0x1A, 0x9B, 0x10, 0x95, 0x29,
    0xC4, 0xF8, 0x00, 0x00, 0x22, 0x21, 0x23, 0x22, 0xE2, 0x05, 0x49, 0x06,
    0xFC, 0x0B, 0xCC, 0x1B, 0xDB, 0x11, 0xFB, 0x31, 0xA6, 0xF8, 0x00, 0x00,
    0x66, 0x05, 0x86, 0x06, 0x21, 0x23, 0x27, 0x22, 0x8D, 0x53, 0xC1, 0x1E,
    0x96, 0x12, 0x49, 0x28, 0x2E, 0x03, 0x00, 0x00, 0x49, 0x28, 0x2E, 0x03,
    0xE2, 0x05, 0x49, 0x06, 0x21, 0x23, 0x22, 0x21, 0xFC, 0x0B, 0xCC, 0x1B,
    0xDB, 0x11, 0xFB, 0x31, 0xA6, 0xF8, 0x00, 0x00, 0x7D, 0x05, 0x0C, 0x06,
    0x42, 0x6C, 0x31, 0x1F, 0x23, 0x22, 0x21, 0x23, 0x47, 0x13, 0x18, 0x33,
    0xE0, 0x01, 0x00, 0x00, 0xE2, 0x05, 0x49, 0x06, 0xFC, 0x0B, 0xCC, 0x1B,
    0xDB, 0x11, 0xFB, 0x31, 0xA6, 0xF8, 0x00, 0x00, 0x22, 0x21, 0x23, 0x22,
    0xE4, 0x05, 0xC9, 0x05, 0xB4, 0x03, 0xAA, 0x14, 0xEF, 0x10, 0x51, 0x39,
    0x89, 0xF8, 0x00, 0x00, 0x7D, 0x05, 0x0C, 0x06, 0x21, 0x23, 0x27, 0x22,
    0x42, 0x6C, 0x31, 0x1F, 0x47, 0x13, 0x18, 0x33, 0xE0, 0x01, 0x00, 0x00,
    0x18, 0x33, 0xE0, 0x01, 0xE4, 0x05, 0xC9, 0x05, 0x21, 0x23, 0x22, 0x21,
    0xB4, 0x03, 0xAA, 0x14, 0xEF, 0x10, 0x51, 0x39, 0x89, 0xF8, 0x00, 0x00,
    0x81, 0x05, 0xB1, 0x05, 0x60, 0xDF, 0x44, 0x17, 0x23, 0x22, 0x21, 0x23,
    0x38, 0x11, 0x99, 0x39, 0x0D, 0x02, 0x00, 0x00, 0xE7, 0x00, 0x24, 0x04,
    0x01, 0x72, 0x00, 0x00, 0x00, 0x00, 0xEE, 0x5D, 0xF3, 0xE5, 0x00, 0x00,
    0x22, 0x21, 0x23, 0x22, 0x0C, 0x01, 0x32, 0x04, 0xFC, 0x42, 0x55, 0x2E,
    0xC5, 0xF2, 0x8F, 0x58, 0x9E, 0xEF, 0x00, 0x00, 0x18, 0x01, 0x36, 0x04,
    0x21, 0x23, 0x22, 0x21, 0x00, 0x53, 0x8F, 0x24, 0xAF, 0xEC, 0xF2, 0x5F,
    0x97, 0xF1, 0x00, 0x00, 0x0C, 0x01, 0x32, 0x04, 0xFC, 0x42, 0x55, 0x2E,
    0x23, 0x22, 0x21, 0x23, 0xC5, 0xF2, 0x8F, 0x58, 0x9E, 0xEF, 0x00, 0x00,
    0x22, 0x01, 0x48, 0x04, 0xD4, 0x5F, 0x54, 0x25, 0xE6, 0xEA, 0xE7, 0x5B,
    0x93, 0xFC, 0x00, 0x00, 0x22, 0x21, 0x23, 0x27, 0x18, 0x01, 0x36, 0x04,
    0x00, 0x53, 0x8F, 0x24, 0xAF, 0xEC, 0xF2, 0x5F, 0x97, 0xF1, 0x00, 0x00,
    0xF2, 0x5F, 0x97, 0xF1, 0x22, 0x21, 0x23, 0x22, 0x22, 0x01, 0x48, 0x04,
    0xD4, 0x5F, 0x54, 0x25, 0xE6, 0xEA, 0xE7, 0x5B, 0x93, 0xFC, 0x00, 0x00,
    0x26, 0x01, 0x54, 0x04, 0x21, 0x23, 0x22, 0x21, 0xDE, 0x00, 0x52, 0x24,
    0x7E, 0xE9, 0x70, 0x61, 0xD1, 0x03, 0x00, 0x00, 0x22, 0x01, 0x48, 0x04,
    0xD4, 0x5F, 0x54, 0x25, 0x23, 0x22, 0x21, 0x23, 0xE6, 0xEA, 0xE7, 0x5B,
    0x93, 0xFC, 0x00, 0x00, 0x17, 0x01, 0x50, 0x04, 0xE6, 0x98, 0x45, 0x2E,
    0xC8, 0xEE, 0x17, 0x5B, 0x7D, 0x00, 0x00, 0x00, 0x22, 0x21, 0x23, 0x27,
    0x26, 0x01, 0x54, 0x04, 0xDE, 0x00, 0x52, 0x24, 0x7E, 0xE9, 0x70, 0x61,
    0xD1, 0x03, 0x00, 0x00, 0x70, 0x61, 0xD1, 0x03, 0x22, 0x21, 0x23, 0x22,
    0x17, 0x01, 0x50, 0x04, 0xE6, 0x98, 0x45, 0x2E, 0xC8, 0xEE, 0x17, 0x5B,
    0x7D, 0x00, 0x00, 0x00, 0x11, 0x01, 0x5C, 0x04, 0x21, 0x23, 0x22, 0x21,
    0x36, 0x7D, 0x04, 0x2E, 0xF6, 0xF0, 0x9B, 0x5E, 0x29, 0x08, 0x00, 0x00,
    0x3E, 0x02, 0x86, 0x04, 0x98, 0xA3, 0xC7, 0x06, 0x23, 0x22, 0x21, 0x23,
    0xAB, 0xEE, 0x2C, 0x4E, 0xA4, 0x00, 0x00, 0x00, 0x3D, 0x02, 0x89, 0x04,
    0xD9, 0x8A, 0x96, 0x00, 0x06, 0xEB, 0x2E, 0x4E, 0xC6, 0xFC, 0x00, 0x00,
    0x22, 0x21, 0x23, 0x22, 0x42, 0x02, 0x86, 0x04, 0xBC, 0x72, 0xB5, 0x0B,
    0xDE, 0xF0, 0x95, 0x4F, 0x4E, 0xFC, 0x00, 0x00, 0x3D, 0x02, 0x89, 0x04,
    0x21, 0x23, 0x22, 0x21, 0xD9, 0x8A, 0x96, 0x00, 0x06, 0xEB, 0x2E, 0x4E,
    0xC6, 0xFC, 0x00, 0x00, 0x47, 0x02, 0x8C, 0x04, 0x14, 0x22, 0xE2, 0x01,
    0x23, 0x22, 0x21, 0x23, 0x1E, 0xEC, 0x6C, 0x53, 0xB2, 0xF7, 0x00, 0x00,
    0x42, 0x02, 0x86, 0x04, 0xBC, 0x72, 0xB5, 0x0B, 0xDE, 0xF0, 0x95, 0x4F,
    0x4E, 0xFC, 0x00, 0x00, 0x27, 0x22, 0x21, 0x23, 0x95, 0x4F, 0x4E, 0xFC,
    0x47, 0x02, 0x8C, 0x04, 0x14, 0x22, 0xE2, 0x01, 0x1E, 0xEC, 0x6C, 0x53,
    0xB2, 0xF7, 0x00, 0x00, 0x22, 0x21, 0x23, 0x22, 0x4D, 0x02, 0x89, 0x04,
    0x44, 0x4A, 0x8D, 0x0B, 0xBF, 0xEF, 0x03, 0x58, 0xEB, 0xF9, 0x00, 0x00,
    0x47, 0x02, 0x8C, 0x04, 0x21, 0x23, 0x22, 0x21, 0x14, 0x22, 0xE2, 0x01,
    0x1E, 0xEC, 0x6C, 0x53, 0xB2, 0xF7, 0x00, 0x00, 0x52, 0x02, 0x91, 0x04,
    0x28, 0xEA, 0xEC, 0x3F, 0x23, 0x22, 0x21, 0x23, 0xBB, 0xE7, 0xE2, 0x59,
    0x6A, 0xF9, 0x00, 0x00, 0x4D, 0x02, 0x89, 0x04, 0x44, 0x4A, 0x8D, 0x0B,
    0xBF, 0xEF, 0x03, 0x58, 0xEB, 0xF9, 0x00, 0x00, 0x27, 0x22, 0x21, 0x23,
    0x03, 0x58, 0xEB, 0xF9, 0x52, 0x02, 0x91, 0x04, 0x28, 0xEA, 0xEC, 0x3F,
    0xBB, 0xE7, 0xE2, 0x59, 0x6A, 0xF9, 0x00, 0x00, 0x22, 0x21, 0x23, 0x22,
    0x53, 0x02, 0x8E, 0x04, 0xAC, 0x4A, 0xBA, 0x06, 0xE6, 0xEA, 0xE7, 0x5B,
    0x93, 0xFC, 0x00, 0x00, 0x11, 0x01, 0x5C, 0x04, 0x21, 0x23, 0x22, 0x21,
    0x36, 0x7D, 0x04, 0x2E, 0xF6, 0xF0, 0x9B, 0x5E, 0x29, 0x08, 0x00, 0x00,
    0x08, 0x01, 0x68, 0x04, 0xB8, 0xC9, 0x00, 0x30, 0x23, 0x22, 0x21, 0x23,
    0xF8, 0xF3, 0xB0, 0x65, 0x85, 0x0E, 0x00, 0x00, 0x26, 0x01, 0x54, 0x04,
    0xDE, 0x00, 0x52, 0x24, 0x7E, 0xE9, 0x70, 0x61, 0xD1, 0x03, 0x00, 0x00,
    0x22, 0x21, 0x23, 0x22, 0x08, 0x01, 0x68, 0x04, 0xB8, 0xC9, 0x00, 0x30,
    0xF8, 0xF3, 0xB0, 0x65, 0x85, 0x0E, 0x00, 0x00, 0x08, 0x01, 0x66, 0x04,
    0x21, 0x23, 0x22, 0x21, 0x54, 0x75, 0x8D, 0x2A, 0x92, 0xF3, 0x8F, 0x6F,
    0xE1, 0x0D, 0x00, 0x00, 0x26, 0x01, 0x54, 0x04, 0xDE, 0x00, 0x52, 0x24,
    0x23, 0x27, 0x22, 0x21, 0x7E, 0xE9, 0x70, 0x61, 0xD1, 0x03, 0x00, 0x00,
    0x70, 0x61, 0xD1, 0x03, 0x08, 0x01, 0x66, 0x04, 0x54, 0x75, 0x8D, 0x2A,
    0x23, 0x22, 0x21, 0x23, 0x92, 0xF3, 0x8F, 0x6F, 0xE1, 0x0D, 0x00, 0x00,
    0x22, 0x01, 0x56, 0x04, 0x43, 0xB8, 0x2C, 0x23, 0xDF, 0xEA, 0x55, 0x68,
    0x3A, 0x04, 0x00, 0x00, 0x22, 0x21, 0x23, 0x22, 0x08, 0x01, 0x66, 0x04,
    0x54, 0x75, 0x8D, 0x2A, 0x92, 0xF3, 0x8F, 0x6F, 0xE1, 0x0D, 0x00, 0x00,
    0xEC, 0x00, 0x5C, 0x04, 0x21, 0x23, 0x22, 0x21, 0x64, 0xB4, 0x49, 0x2D,
    0x3C, 0xF5, 0xFA, 0x74, 0xDF, 0x07, 0x00, 0x00, 0x22, 0x01, 0x56, 0x04,
    0x43, 0xB8, 0x2C, 0x23, 0x23, 0x27, 0x22, 0x21, 0xDF, 0xEA, 0x55, 0x68,
    0x3A, 0x04, 0x00, 0x00, 0x55, 0x68, 0x3A, 0x04, 0xEC, 0x00, 0x5C, 0x04,
    0x64, 0xB4, 0x49, 0x2D, 0x23, 0x22, 0x21, 0x23, 0x3C, 0xF5, 0xFA, 0x74,
    0xDF, 0x07, 0x00, 0x00, 0x19, 0x01, 0x50, 0x04, 0x7E, 0xFB, 0x8A, 0x28,
    0x55, 0xEE, 0xA5, 0x6D, 0x64, 0x01, 0x00, 0x00, 0x22, 0x21, 0x23, 0x22,
    0x0C, 0x03, 0xEB, 0x07, 0xB6, 0x88, 0x22, 0x1C, 0x01, 0x05, 0xB0, 0x50,
    0x68, 0x13, 0x00, 0x00, 0x01, 0x03, 0xB6, 0x07, 0x21, 0x23, 0x22, 0x21,
    0xFE, 0xE8, 0x80, 0x1B, 0xFA, 0x06, 0xB5, 0x52, 0x7C, 0x1C, 0x00, 0x00,
    0x13, 0x03, 0xB6, 0x07, 0xC6, 0x8C, 0xA6, 0x0D, 0x23, 0x22, 0x21, 0x23,
    0x74, 0x03, 0x97, 0x4D, 0x7D, 0x1C, 0x00, 0x00, 0x01, 0x03, 0xB6, 0x07,
    0xFE, 0xE8, 0x80, 0x1B, 0xFA, 0x06, 0xB5, 0x52, 0x7C, 0x1C, 0x00, 0x00,
    0x22, 0x21, 0x23, 0x22, 0x26, 0x03, 0xA6, 0x07, 0xFF, 0x59, 0x00, 0x00,
    0x00, 0x00, 0x1C, 0x53, 0x8B, 0x1F, 0x00, 0x00, 0x13, 0x03, 0xB6, 0x07,
    0x21, 0x23, 0x27, 0x22, 0xC6, 0x8C, 0xA6, 0x0D, 0x74, 0x03, 0x97, 0x4D,
    0x7D, 0x1C, 0x00, 0x00, 0x97, 0x4D, 0x7D, 0x1C, 0x26, 0x03, 0xA6, 0x07,
    0x21, 0x23, 0x22, 0x21, 0xFF, 0x59, 0x00, 0x00, 0x00, 0x00, 0x1C, 0x53,
    0x8B, 0x1F, 0x00, 0x00, 0x38, 0x03, 0xB6, 0x07, 0xC6, 0x8C, 0x66, 0x32,
    0x23, 0x22, 0x21, 0x23, 0x8C, 0xFC, 0x97, 0x4D, 0x7D, 0x1C, 0x00, 0x00,
    0x26, 0x03, 0xA6, 0x07, 0xFF, 0x59, 0x00, 0x00, 0x00, 0x00, 0x1C, 0x53,
    0x8B, 0x1F, 0x00, 0x00, 0x22, 0x21, 0x23, 0x22, 0x49, 0x03, 0xB6, 0x07,
    0xFE, 0xE8, 0x80, 0x24, 0x06, 0xF9, 0xB5, 0x52, 0x7C, 0x1C, 0x00, 0x00,
    0x38, 0x03, 0xB6, 0x07, 0x21, 0x23, 0x27, 0x22, 0xC6, 0x8C, 0x66, 0x32,
    0x8C, 0xFC, 0x97, 0x4D, 0x7D, 0x1C, 0x00, 0x00, 0x97, 0x4D, 0x7D, 0x1C,
    0x49, 0x03, 0xB6, 0x07, 0x21, 0x23, 0x22, 0x21, 0xFE, 0xE8, 0x80, 0x24,
    0x06, 0xF9, 0xB5, 0x52, 0x7C, 0x1C, 0x00, 0x00, 0x40, 0x03, 0xEB, 0x07,
    0xB6, 0x88, 0xE2, 0x23, 0x23, 0x22, 0x21, 0x23, 0xFF, 0xFA, 0xB0, 0x50,
    0x68, 0x13, 0x00, 0x00, 0x71, 0x06, 0x99, 0x07, 0xF2, 0x70, 0xF5, 0x11,
    0x31, 0xC8, 0x16, 0x44, 0x92, 0x07, 0x00, 0x00, 0x22, 0x21, 0x23, 0x22,
    0xD1, 0x06, 0x8E, 0x07, 0x68, 0x4D, 0xC5, 0x37, 0xCC, 0xC5, 0x85, 0x3C,
    0xFB, 0x06, 0x00, 0x00, 0x68, 0x06, 0xC9, 0x07, 0x21, 0x23, 0x22, 0x21,
    0xC0, 0xF3, 0x76, 0x0F, 0x80, 0xCF, 0x54, 0x44, 0xB8, 0x07, 0x00, 0x00,
    0xD1, 0x06, 0x8E, 0x07, 0x68, 0x4D, 0xC5, 0x37, 0x23, 0x22, 0x21, 0x23,
    0xCC, 0xC5, 0x85, 0x3C, 0xFB, 0x06, 0x00, 0x00, 0x01, 0x07, 0xB9, 0x07,
    0xC8, 0x78, 0x06, 0x32, 0x23, 0xCC, 0x06, 0x38, 0xCB, 0x05, 0x00, 0x00,
    0x22, 0x21, 0x23, 0x27, 0x68, 0x06, 0xC9, 0x07, 0xC0, 0xF3, 0x76, 0x0F,
    0x80, 0xCF, 0x54, 0x44, 0xB8, 0x07, 0x00, 0x00, 0x54, 0x44, 0xB8, 0x07,
    0x22, 0x21, 0x23, 0x22, 0x01, 0x07, 0xB9, 0x07, 0xC8, 0x78, 0x06, 0x32,
    0x23, 0xCC, 0x06, 0x38, 0xCB, 0x05, 0x00, 0x00, 0xDD, 0x06, 0xE0, 0x07,
    0x21, 0x23, 0x22, 0x21, 0x60, 0x6F, 0x87, 0x39, 0x77, 0xD2, 0xA2, 0x3A,
    0x3E, 0x08, 0x00, 0x00, 0x01, 0x07, 0xB9, 0x07, 0xC8, 0x78, 0x06, 0x32,
    0x23, 0x22, 0x21, 0x23, 0x23, 0xCC, 0x06, 0x38, 0xCB, 0x05, 0x00, 0x00,
    0x21, 0x07, 0xD3, 0x07, 0x73, 0x18, 0x63, 0x23, 0x1B, 0xCE, 0x8A, 0x34,
    0xC6, 0x04, 0x00, 0x00, 0x22, 0x21, 0x23, 0x27, 0xDD, 0x06, 0xE0, 0x07,
    0x60, 0x6F, 0x87, 0x39, 0x77, 0xD2, 0xA2, 0x3A, 0x3E, 0x08, 0x00, 0x00,
    0xA2, 0x3A, 0x3E, 0x08, 0x22, 0x21, 0x23, 0x22, 0x21, 0x07, 0xD3, 0x07,
    0x73, 0x18, 0x63, 0x23, 0x1B, 0xCE, 0x8A, 0x34, 0xC6, 0x04, 0x00, 0x00,
    0x22, 0x07, 0xE9, 0x07, 0x21, 0x23, 0x22, 0x21, 0xC9, 0x02, 0xA3, 0x29,
    0xA1, 0xD3, 0x02, 0x35, 0x4D, 0x05, 0x00, 0x00, 0xE0, 0x06, 0x7E, 0x07,
    0xBA, 0x95, 0x6C, 0x37, 0x23, 0x22, 0x21, 0x23, 0xF2, 0xC5, 0x97, 0x3C,
    0x43, 0xF5, 0x00, 0x00, 0x80, 0x06, 0x98, 0x07, 0xB3, 0xF0, 0xA9, 0x11,
    0x7E, 0xC8, 0x2E, 0x43, 0x7D, 0xF3, 0x00, 0x00, 0x22, 0x21, 0x23, 0x22,
    0xF2, 0x06, 0xAE, 0x07, 0x57, 0x60, 0xE9, 0x2E, 0x4C, 0xCB, 0x4E, 0x39,
    0xA7, 0xF4, 0x00, 0x00, 0x80, 0x06, 0x98, 0x07, 0x21, 0x23, 0x22, 0x21,
    0xB3, 0xF0, 0xA9, 0x11, 0x7E, 0xC8, 0x2E, 0x43, 0x7D, 0xF3, 0x00, 0x00,
    0x68, 0x06, 0xE1, 0x07, 0x98, 0xAB, 0xF8, 0x0A, 0x23, 0x22, 0x21, 0x23,
    0x6D, 0xD0, 0x2F, 0x43, 0x3C, 0xF3, 0x00, 0x00, 0xF2, 0x06, 0xAE, 0x07,
    0x57, 0x60, 0xE9, 0x2E, 0x4C, 0xCB, 0x4E, 0x39, 0xA7, 0xF4, 0x00, 0x00,
    0x27, 0x22, 0x21, 0x23, 0x4E, 0x39, 0xA7, 0xF4, 0x68, 0x06, 0xE1, 0x07,
    0x98, 0xAB, 0xF8, 0x0A, 0x6D, 0xD0, 0x2F, 0x43, 0x3C, 0xF3, 0x00, 0x00,
    0x22, 0x21, 0x23, 0x22, 0x0D, 0x07, 0xF8, 0x07, 0x50, 0x1B, 0x6A, 0x2D,
    0xB3, 0xD2, 0x9B, 0x39, 0xC6, 0xF4, 0x00, 0x00, 0x68, 0x06, 0xE1, 0x07,
    0x21, 0x23, 0x22, 0x21, 0x98, 0xAB, 0xF8, 0x0A, 0x6D, 0xD0, 0x2F, 0x43,
    0x3C, 0xF3, 0x00, 0x00, 0x68, 0x06, 0xFC, 0x07, 0xE8, 0x7A, 0xE9, 0x05,
    0x23, 0x22, 0x21, 0x23, 0x69, 0xD7, 0x9B, 0x41, 0x88, 0xF6, 0x00, 0x00,
    0x0D, 0x07, 0xF8, 0x07, 0x50, 0x1B, 0x6A, 0x2D, 0xB3, 0xD2, 0x9B, 0x39,
    0xC6, 0xF4, 0x00, 0x00, 0x27, 0x22, 0x21, 0x23, 0x9B, 0x39, 0xC6, 0xF4,
    0x68, 0x06, 0xFC, 0x07, 0xE8, 0x7A, 0xE9, 0x05, 0x69, 0xD7, 0x9B, 0x41,
    0x88, 0xF6, 0x00, 0x00, 0x22, 0x21, 0x23, 0x22, 0xD0, 0x06, 0xFE, 0x07,
    0x1A, 0x1B, 0xED, 0x25, 0x7E, 0xD7, 0xAA, 0x3A, 0x7E, 0xF8, 0x00, 0x00,
    0x60, 0x00, 0x7E, 0x05, 0x21, 0x23, 0x22, 0x21, 0x2C, 0x08, 0x08, 0x00,
    0x00, 0x00, 0x68, 0x78, 0xDB, 0x0A, 0x00, 0x00, 0x2E, 0x00, 0x91, 0x05,
    0x64, 0xB4, 0xC9, 0x12, 0x23, 0x22, 0x21, 0x23, 0xC4, 0x0A, 0xFA, 0x74,
    0xDF, 0x07, 0x00, 0x00, 0x3C, 0x00, 0xB6, 0x05, 0x3E, 0x13, 0x29, 0x0A,
    0xF5, 0x07, 0x63, 0x74, 0x0E, 0xFE, 0x00, 0x00, 0x22, 0x21, 0x23, 0x22,
    0x2E, 0x00, 0x91, 0x05, 0x64, 0xB4, 0xC9, 0x12, 0xC4, 0x0A, 0xFA, 0x74,
    0xDF, 0x07, 0x00, 0x00, 0x0E, 0x00, 0xBB, 0x05, 0x21, 0x23, 0x22, 0x21,
    0x7E, 0xFB, 0x8A, 0x17, 0xAB, 0x11, 0xA5, 0x6D, 0x64, 0x01, 0x00, 0x00,
    0x3C, 0x00, 0xB6, 0x05, 0x3E, 0x13, 0x29, 0x0A, 0x23, 0x27, 0x22, 0x21,
    0xF5, 0x07, 0x63, 0x74, 0x0E, 0xFE, 0x00, 0x00, 0x63, 0x74, 0x0E, 0xFE,
    0x0E, 0x00, 0xBB, 0x05, 0x7E, 0xFB, 0x8A, 0x17, 0x23, 0x22, 0x21, 0x23,
    0xAB, 0x11, 0xA5, 0x6D, 0x64, 0x01, 0x00, 0x00, 0x28, 0x00, 0x14, 0x06,
    0xA8, 0x0A, 0xEB, 0x0C, 0xD4, 0x0B, 0xA5, 0x65, 0xD8, 0xED, 0x00, 0x00,
    0x22, 0x21, 0x23, 0x22, 0x0E, 0x00, 0xBB, 0x05, 0x7E, 0xFB, 0x8A, 0x17,
    0xAB, 0x11, 0xA5, 0x6D, 0x64, 0x01, 0x00, 0x00, 0x06, 0x00, 0x14, 0x06,
    0x21, 0x23, 0x22, 0x21, 0x00, 0x53, 0x8F, 0x1B, 0x51, 0x13, 0xF2, 0x5F,
    0x97, 0xF1, 0x00, 0x00, 0x28, 0x00, 0x14, 0x06, 0xA8, 0x0A, 0xEB, 0x0C,
    0x23, 0x27, 0x22, 0x21, 0xD4, 0x0B, 0xA5, 0x65, 0xD8, 0xED, 0x00, 0x00,
    0xA5, 0x65, 0xD8, 0xED, 0x06, 0x00, 0x14, 0x06, 0x00, 0x53, 0x8F, 0x1B,
    0x23, 0x22, 0x21, 0x23, 0x51, 0x13, 0xF2, 0x5F, 0x97, 0xF1, 0x00, 0x00,
    0x60, 0x00, 0x44, 0x06, 0x01, 0x72, 0x00, 0x00, 0x00, 0x00, 0xEE, 0x5D,
    0xF3, 0xE5, 0x00, 0x00, 0x22, 0x21, 0x23, 0x22, 0xF2, 0x07, 0x96, 0x07,
    0x40, 0x12, 0x93, 0x36, 0x4F, 0xD7, 0xD4, 0x3A, 0xDB, 0x00, 0x00, 0x00,
    0xCE, 0x07, 0xB8, 0x07, 0x21, 0x23, 0x22, 0x21, 0xC9, 0x02, 0xA3, 0x29,
    0xA1, 0xD3, 0x02, 0x35, 0x4D, 0x05, 0x00, 0x00, 0xDD, 0x07, 0x5C, 0x07,
    0x1A, 0x1B, 0xED, 0x25, 0x23, 0x22, 0x21, 0x23, 0x7E, 0xD7, 0xAA, 0x3A,
    0x7E, 0xF8, 0x00, 0x00, 0xCE, 0x07, 0xB8, 0x07, 0xC9, 0x02, 0xA3, 0x29,
    0xA1, 0xD3, 0x02, 0x35, 0x4D, 0x05, 0x00, 0x00, 0x22, 0x21, 0x23, 0x22,
    0x99, 0x07, 0xC1, 0x07, 0x73, 0x18, 0x63, 0x23, 0x1B, 0xCE, 0x8A, 0x34,
    0xC6, 0x04, 0x00, 0x00, 0xDD, 0x07, 0x5C, 0x07, 0x21, 0x23, 0x27, 0x22,
    0x1A, 0x1B, 0xED, 0x25, 0x7E, 0xD7, 0xAA, 0x3A, 0x7E, 0xF8, 0x00, 0x00,
    0xAA, 0x3A, 0x7E, 0xF8, 0x99, 0x07, 0xC1, 0x07, 0x21, 0x23, 0x22, 0x21,
    0x73, 0x18, 0x63, 0x23, 0x1B, 0xCE, 0x8A, 0x34, 0xC6, 0x04, 0x00, 0x00,
    0x80, 0x07, 0x86, 0x07, 0xD4, 0xBC, 0xEF, 0x22, 0x23, 0x22, 0x21, 0x23,
    0x32, 0xCA, 0x7A, 0x36, 0x9D, 0xFF, 0x00, 0x00, 0x99, 0x07, 0xC1, 0x07,
    0x73, 0x18, 0x63, 0x23, 0x1B, 0xCE, 0x8A, 0x34, 0xC6, 0x04, 0x00, 0x00,
    0x22, 0x21, 0x23, 0x22, 0x7B, 0x07, 0xB9, 0x07, 0xC8, 0x78, 0x06, 0x32,
    0x23, 0xCC, 0x06, 0x38, 0xCB, 0x05, 0x00, 0x00, 0x80, 0x07, 0x86, 0x07,
    0x21, 0x23, 0x27, 0x22, 0xD4, 0xBC, 0xEF, 0x22, 0x32, 0xCA, 0x7A, 0x36,
    0x9D, 0xFF, 0x00, 0x00, 0x7A, 0x36, 0x9D, 0xFF, 0x7B, 0x07, 0xB9, 0x07,
    0x21, 0x23, 0x22, 0x21, 0xC8, 0x78, 0x06, 0x32, 0x23, 0xCC, 0x06, 0x38,
    0xCB, 0x05, 0x00, 0x00, 0x5C, 0x07, 0xCE, 0x07, 0x68, 0x4D, 0xC5, 0x37,
    0x23, 0x22, 0x21, 0x23, 0xCC, 0xC5, 0x85, 0x3C, 0xFB, 0x06, 0x00, 0x00,
    0x2D, 0x02, 0x76, 0x04, 0xDD, 0xCB, 0xD7, 0x38, 0x6E, 0xFD, 0x80, 0x42,
    0x01, 0x09, 0x00, 0x00, 0x22, 0x21, 0x24, 0x22, 0x32, 0x02, 0x71, 0x04,
    0x5D, 0x9B, 0x07, 0x00, 0x00, 0x4C, 0x04, 0x00, 0x2D, 0x02, 0x76, 0x04,
    0x21, 0x23, 0x22, 0x21, 0xDD, 0xCB, 0x37, 0x07, 0x92, 0x02, 0x80, 0x42,
    0x01, 0x09, 0x00, 0x00, 0x32, 0x02, 0x71, 0x04, 0x5D, 0x9B, 0x07, 0x00,
    0x24, 0x22, 0x21, 0x23, 0x00, 0x4C, 0x04, 0x00, 0x34, 0x02, 0x83, 0x04,
    0x8C, 0xAF, 0x06, 0x10, 0x21, 0x0D, 0x64, 0x48, 0xB2, 0x00, 0x00, 0x00,
    0x22, 0x21, 0x23, 0x27, 0x2D, 0x02, 0x76, 0x04, 0xDD, 0xCB, 0x37, 0x07,
    0x92, 0x02, 0x80, 0x42, 0x01, 0x09, 0x00, 0x00, 0x80, 0x42, 0x01, 0x09,
    0x22, 0x21, 0x23, 0x22, 0x34, 0x02, 0x83, 0x04, 0x8C, 0xAF, 0x06, 0x10,
    0x21, 0x0D, 0x64, 0x48, 0xB2, 0x00, 0x00, 0x00, 0x32, 0x02, 0x7E, 0x04,
    0x21, 0x23, 0x22, 0x21, 0x2E, 0xB0, 0x66, 0x11, 0x0E, 0x0A, 0xDA, 0x45,
    0x3B, 0x08, 0x00, 0x00, 0x34, 0x02, 0x83, 0x04, 0x8C, 0xAF, 0x06, 0x10,
    0x23, 0x22, 0x21, 0x23, 0x21, 0x0D, 0x64, 0x48, 0xB2, 0x00, 0x00, 0x00,
    0x38, 0x02, 0x84, 0x04, 0x37, 0x80, 0x34, 0x1A, 0xEE, 0x0E, 0xCE, 0x49,
    0x2E, 0x06, 0x00, 0x00, 0x22, 0x21, 0x23, 0x22, 0x32, 0x02, 0x7E, 0x04,
    0x2E, 0xB0, 0x66, 0x11, 0x0E, 0x0A, 0xDA, 0x45, 0x3B, 0x08, 0x00, 0x00,
    0x75, 0x00, 0xD9, 0x07, 0x21, 0x23, 0x22, 0x21, 0x1B, 0x70, 0x87, 0x34,
    0x19, 0xF6, 0x6B, 0x49, 0xAB, 0xF9, 0x00, 0x00, 0x8F, 0x00, 0xD6, 0x07,
    0xAE, 0x02, 0x86, 0x00, 0x23, 0x22, 0x21, 0x23, 0xBA, 0xF3, 0xAD, 0x49,
    0x0E, 0xF2, 0x00, 0x00, 0x69, 0x00, 0xA0, 0x07, 0x4D, 0xF2, 0xAE, 0x2F,
    0x20, 0xF7, 0x84, 0x4D, 0xAD, 0xF2, 0x00, 0x00, 0x22, 0x21, 0x23, 0x22,
    0x8F, 0x00, 0xD6, 0x07, 0xAE, 0x02, 0x86, 0x00, 0xBA, 0xF3, 0xAD, 0x49,
    0x0E, 0xF2, 0x00, 0x00, 0xB7, 0x00, 0xC4, 0x07, 0x21, 0x23, 0x22, 0x21,
    0x50, 0x7F, 0x91, 0x22, 0x0B, 0xF0, 0xF4, 0x4A, 0x1B, 0xF5, 0x00, 0x00,
    0x69, 0x00, 0xA0, 0x07, 0x4D, 0xF2, 0xAE, 0x2F, 0x23, 0x27, 0x22, 0x21,
    0x20, 0xF7, 0x84, 0x4D, 0xAD, 0xF2, 0x00, 0x00, 0x84, 0x4D, 0xAD, 0xF2,
    0xB7, 0x00, 0xC4, 0x07, 0x50, 0x7F, 0x91, 0x22, 0x23, 0x22, 0x21, 0x23,
    0x0B, 0xF0, 0xF4, 0x4A, 0x1B, 0xF5, 0x00, 0x00, 0xAE, 0x00, 0x83, 0x07,
    0x88, 0xA3, 0x00, 0x21, 0xDE, 0xF0, 0x95, 0x4F, 0x4E, 0xFC, 0x00, 0x00,
    0x22, 0x21, 0x23, 0x22, 0xB7, 0x00, 0xC4, 0x07, 0x50, 0x7F, 0x91, 0x22,
    0x0B, 0xF0, 0xF4, 0x4A, 0x1B, 0xF5, 0x00, 0x00, 0x75, 0x00, 0xD9, 0x07,
    0x21, 0x23, 0x22, 0x21, 0x1B, 0x70, 0x87, 0x34, 0x19, 0xF6, 0x6B, 0x49,
    0xAB, 0xF9, 0x00, 0x00, 0xAE, 0x00, 0x83, 0x07, 0x88, 0xA3, 0x00, 0x21,
    0x23, 0x22, 0x21, 0x23, 0xDE, 0xF0, 0x95, 0x4F, 0x4E, 0xFC, 0x00, 0x00,
    0xE8, 0x07, 0xF6, 0x06, 0x64, 0x53, 0x70, 0x1E, 0x89, 0xFF, 0x41, 0x07,
    0x71, 0xF9, 0x00, 0x00, 0x22, 0x21, 0x23, 0x22, 0xB6, 0x07, 0x7E, 0x06,
    0xF5, 0x1B, 0x84, 0x24, 0xEA, 0xFE, 0x13, 0x15, 0x6D, 0x03, 0x00, 0x00,
    0xAB, 0x07, 0xF8, 0x06, 0x21, 0x23, 0x22, 0x21, 0x56, 0x11, 0x8F, 0x17,
    0x98, 0xFE, 0xC7, 0x0A, 0x7E, 0x05, 0x00, 0x00, 0xB6, 0x07, 0x7E, 0x06,
    0xF5, 0x1B, 0x84, 0x24, 0x23, 0x22, 0x21, 0x23, 0xEA, 0xFE, 0x13, 0x15,
    0x6D, 0x03, 0x00, 0x00, 0x58, 0x07, 0xB0, 0x06, 0xC0, 0x33, 0x08, 0x3B,
    0x85, 0xF6, 0x2D, 0x15, 0x0E, 0x08, 0x00, 0x00, 0x22, 0x21, 0x23, 0x27,
    0xAB, 0x07, 0xF8, 0x06, 0x56, 0x11, 0x8F, 0x17, 0x98, 0xFE, 0xC7, 0x0A,
    0x7E, 0x05, 0x00, 0x00, 0xC7, 0x0A, 0x7E, 0x05, 0x22, 0x21, 0x23, 0x22,
    0x58, 0x07, 0xB0, 0x06, 0xC0, 0x33, 0x08, 0x3B, 0x85, 0xF6, 0x2D, 0x15,
    0x0E, 0x08, 0x00, 0x00, 0x58, 0x07, 0xF6, 0x06, 0x21, 0x23, 0x22, 0x21,
    0xF4, 0x99, 0x6E, 0x3C, 0xCB, 0xF6, 0x4C, 0x0E, 0x53, 0x09, 0x00, 0x00,
    0x58, 0x07, 0xB0, 0x06, 0xC0, 0x33, 0x08, 0x3B, 0x23, 0x22, 0x21, 0x23,
    0x85, 0xF6, 0x2D, 0x15, 0x0E, 0x08, 0x00, 0x00, 0x03, 0x07, 0xF6, 0x06,
    0xE0, 0x00, 0x8F, 0x23, 0xC5, 0xED, 0xC1, 0x08, 0xAA, 0x01, 0x00, 0x00,
    0x22, 0x21, 0x23, 0x22, 0x58, 0x07, 0xF6, 0x06, 0xF4, 0x99, 0x6E, 0x3C,
    0xCB, 0xF6, 0x4C, 0x0E, 0x53, 0x09, 0x00, 0x00, 0x09, 0x04, 0xC1, 0x07,
    0x21, 0x23, 0x22, 0x21, 0x39, 0xC3, 0xA1, 0x1C, 0x91, 0xFE, 0x00, 0x00,
    0x0A, 0xFA, 0x00, 0x00, 0x09, 0x04, 0xEB, 0x07, 0x2C, 0x1A, 0x43, 0x03,
    0x26, 0x22, 0x21, 0x23, 0x20, 0xF8, 0x0B, 0xF5, 0x3B, 0x04, 0xF9, 0x07,
    0x08, 0xCE, 0x20, 0x04, 0x77, 0xF8, 0x63, 0x04, 0x3A, 0xF3, 0x00, 0x00,
    0x22, 0x21, 0x23, 0x22, 0x09, 0x04, 0xEB, 0x07, 0x2C, 0x1A, 0x43, 0x03,
    0x20, 0xF8, 0x00, 0x00, 0x0B, 0xF5, 0x00, 0x00, 0x09, 0x04, 0xD4, 0x07,
    0x21, 0x26, 0x22, 0x21, 0xE6, 0xDE, 0x61, 0x26, 0x3C, 0xF0, 0xB2, 0xF8,
    0x3B, 0x04, 0xF9, 0x07, 0x08, 0xCE, 0x20, 0x04, 0x23, 0x27, 0x22, 0x21,
    0x77, 0xF8, 0x63, 0x04, 0x3A, 0xF3, 0x00, 0x00, 0x63, 0x04, 0x3A, 0xF3,
    0x09, 0x04, 0xD4, 0x07, 0xE6, 0xDE, 0x61, 0x26, 0x23, 0x22, 0x21, 0x23,
    0x3C, 0xF0, 0x00, 0x00, 0xB2, 0xF8, 0x00, 0x00, 0x59, 0x04, 0xD9, 0x07,
    0x88, 0x26, 0x50, 0x2A, 0x7F, 0xEF, 0x11, 0x08, 0x69, 0xF7, 0x00, 0x00,
    0x22, 0x21, 0x23, 0x22, 0x09, 0x04, 0xD4, 0x07, 0xE6, 0xDE, 0x61, 0x26,
    0x3C, 0xF0, 0x00, 0x00, 0xB2, 0xF8, 0x00, 0x00, 0x61, 0x04, 0x94, 0x07,
    0x21, 0x23, 0x22, 0x21, 0xC8, 0xCB, 0x8D, 0x21, 0xC5, 0xED, 0xC1, 0x08,
    0xAA, 0x01, 0x00, 0x00, 0x59, 0x04, 0xD9, 0x07, 0x88, 0x26, 0x50, 0x2A,
    0x23, 0x22, 0x21, 0x23, 0x7F, 0xEF, 0x11, 0x08, 0x69, 0xF7, 0x00, 0x00,
    0x4D, 0x03, 0x69, 0x07, 0xA2, 0x28, 0xA0, 0x21, 0x56, 0xEF, 0xA0, 0x50,
    0x98, 0x08, 0x00, 0x00, 0x22, 0x21, 0x23, 0x22, 0x36, 0x03, 0xB1, 0x07,
    0x37, 0x80, 0xD4, 0x25, 0x12, 0xF1, 0xCE, 0x49, 0x2E, 0x06, 0x00, 0x00,
    0xEB, 0x02, 0xBE, 0x07, 0x21, 0x23, 0x22, 0x21, 0xF6, 0xEC, 0xC3, 0x28,
    0x5B, 0xF3, 0x5A, 0x49, 0xE5, 0x0C, 0x00, 0x00, 0x36, 0x03, 0xB1, 0x07,
    0x37, 0x80, 0xD4, 0x25, 0x23, 0x22, 0x21, 0x23, 0x12, 0xF1, 0xCE, 0x49,
    0x2E, 0x06, 0x00, 0x00, 0xF1, 0x02, 0xD8, 0x07, 0x2E, 0xB0, 0xA6, 0x2E,
    0xF2, 0xF5, 0xDA, 0x45, 0x3B, 0x08, 0x00, 0x00, 0x22, 0x21, 0x23, 0x27,
    0xEB, 0x02, 0xBE, 0x07, 0xF6, 0xEC, 0xC3, 0x28, 0x5B, 0xF3, 0x5A, 0x49,
    0xE5, 0x0C, 0x00, 0x00, 0x5A, 0x49, 0xE5, 0x0C, 0x22, 0x21, 0x23, 0x22,
    0xF1, 0x02, 0xD8, 0x07, 0x2E, 0xB0, 0xA6, 0x2E, 0xF2, 0xF5, 0xDA, 0x45,
    0x3B, 0x08, 0x00, 0x00, 0x98, 0x02, 0xDE, 0x07, 0x21, 0x23, 0x22, 0x21,
    0x20, 0x09, 0x16, 0x35, 0x3B, 0xFC, 0x33, 0x44, 0x36, 0x10, 0x00, 0x00,
    0xF1, 0x02, 0xD8, 0x07, 0x2E, 0xB0, 0xA6, 0x2E, 0x23, 0x22, 0x21, 0x23,
    0xF2, 0xF5, 0xDA, 0x45, 0x3B, 0x08, 0x00, 0x00, 0x88, 0x02, 0xF9, 0x07,
    0xDD, 0xCB, 0xD7, 0x38, 0x6E, 0xFD, 0x80, 0x42, 0x01, 0x09, 0x00, 0x00,
    0x22, 0x21, 0x23, 0x22, 0x98, 0x02, 0xDE, 0x07, 0x20, 0x09, 0x16, 0x35,
    0x3B, 0xFC, 0x33, 0x44, 0x36, 0x10, 0x00, 0x00, 0x88, 0x01, 0x84, 0x05,
    0x21, 0x23, 0x22, 0x21, 0xF3, 0x93, 0xC2, 0x21, 0xAB, 0xEE, 0x2C, 0x4E,
    0xA4, 0x00, 0x00, 0x00, 0x78, 0x01, 0x06, 0x05, 0xA2, 0x28, 0xA0, 0x21,
    0x23, 0x22, 0x21, 0x23, 0x56, 0xEF, 0xA0, 0x50, 0x98, 0x08, 0x00, 0x00,
    0x00, 0x02, 0x6C, 0x05, 0x00, 0xC9, 0x5F, 0x24, 0x3A, 0xEF, 0x15, 0x56,
    0x5B, 0x00, 0x00, 0x00, 0x22, 0x21, 0x23, 0x22, 0x78, 0x01, 0x06, 0x05,
    0xA2, 0x28, 0xA0, 0x21, 0x56, 0xEF, 0xA0, 0x50, 0x98, 0x08, 0x00, 0x00,
    0xD4, 0x01, 0xFE, 0x04, 0x21, 0x23, 0x22, 0x21, 0xAF, 0x54, 0x1F, 0x22,
    0x8B, 0xF0, 0x22, 0x56, 0x61, 0x07, 0x00, 0x00, 0x00, 0x02, 0x6C, 0x05,
    0x00, 0xC9, 0x5F, 0x24, 0x23, 0x27, 0x22, 0x21, 0x3A, 0xEF, 0x15, 0x56,
    0x5B, 0x00, 0x00, 0x00, 0x15, 0x56, 0x5B, 0x00, 0xD4, 0x01, 0xFE, 0x04,
    0xAF, 0x54, 0x1F, 0x22, 0x23, 0x22, 0x23, 0x22, 0x8B, 0xF0, 0x22, 0x56,
    0x61, 0x07, 0x00, 0x00, 0x47, 0x02, 0xD6, 0x04, 0xF6, 0xF0, 0x9B, 0x5E,
    0x29, 0x08, 0x00, 0x00, 0xD4, 0x01, 0xFE, 0x04, 0x23, 0x22, 0x21, 0x23,
    0x8B, 0xF0, 0x22, 0x56, 0x61, 0x07, 0x00, 0x00, 0x1B, 0x02, 0x86, 0x04,
    0x78, 0x81, 0x2E, 0x2B, 0x8B, 0xF3, 0x33, 0x5E, 0xA8, 0x0D, 0x00, 0x00,
    0x22, 0x21, 0x23, 0x22, 0x47, 0x02, 0xD6, 0x04, 0xAF, 0x54, 0x1F, 0x22,
    0xF6, 0xF0, 0x9B, 0x5E, 0x29, 0x08, 0x00, 0x00, 0x8D, 0x06, 0x96, 0x07,
    0x21, 0x23, 0x22, 0x21, 0xC7, 0xC0, 0x62, 0x1B, 0x4D, 0x26, 0x21, 0x38,
    0x3F, 0x01, 0x00, 0x00, 0x52, 0x06, 0xCC, 0x07, 0x66, 0x7C, 0x47, 0x09,
    0x27, 0x22, 0x21, 0x23, 0x49, 0x3D, 0x77, 0x05, 0x90, 0x06, 0x90, 0x07,
    0x88, 0x4A, 0x43, 0x11, 0x5A, 0x24, 0xDB, 0x38, 0x35, 0x01, 0x00, 0x00,
    0x22, 0x21, 0x23, 0x22, 0x52, 0x06, 0xCC, 0x07, 0x66, 0x7C, 0x47, 0x09,
    0x4D, 0x26, 0x49, 0x3D, 0x77, 0x05, 0x00, 0x00, 0x24, 0x06, 0xC6, 0x07,
    0x21, 0x23, 0x22, 0x21, 0x31, 0x4E, 0xA3, 0x3C, 0x5A, 0x24, 0xBF, 0x41,
    0xD1, 0x04, 0x00, 0x00, 0x90, 0x06, 0x90, 0x07, 0x88, 0x4A, 0x43, 0x11,
    0x27, 0x27, 0x22, 0x21, 0xDB, 0x38, 0x35, 0x01, 0xDB, 0x38, 0x35, 0x01,
    0x24, 0x06, 0xC6, 0x07, 0x31, 0x4E, 0xA3, 0x3C, 0x27, 0x22, 0x21, 0x27,
    0xBF, 0x41, 0xD1, 0x04, 0x8B, 0x06, 0x34, 0x07, 0x52, 0x52, 0x8D, 0x0D,
    0x0B, 0x39, 0x96, 0xF7, 0x22, 0x21, 0x27, 0x22, 0x24, 0x06, 0xC6, 0x07,
    0x31, 0x4E, 0xA3, 0x3C, 0xBF, 0x41, 0xD1, 0x04, 0x20, 0x06, 0x20, 0x07,
    0x21, 0x27, 0x22, 0x21, 0x35, 0x9A, 0x0C, 0x3C, 0xDF, 0x41, 0x65, 0xF5,
    0x8B, 0x06, 0x34, 0x07, 0x52, 0x52, 0x8D, 0x0D, 0x27, 0x22, 0x21, 0x23,
    0x0B, 0x39, 0x96, 0xF7, 0x61, 0x04, 0x94, 0x07, 0xC8, 0xCB, 0x8D, 0x1E,
    0x3B, 0x12, 0xC1, 0x08, 0xAA, 0x01, 0x00, 0x00, 0x22, 0x21, 0x23, 0x22,
    0x09, 0x04, 0xD4, 0x07, 0xE6, 0xDE, 0xA1, 0x19, 0xC4, 0x0F, 0x00, 0x00,
    0xB2, 0xF8, 0x00, 0x00, 0x59, 0x04, 0xD9, 0x07, 0x21, 0x23, 0x22, 0x21,
    0x88, 0x26, 0xB0, 0x15, 0x81, 0x10, 0x11, 0x08, 0x69, 0xF7, 0x00, 0x00,
    0x09, 0x04, 0xD4, 0x07, 0xE6, 0xDE, 0xA1, 0x19, 0x23, 0x22, 0x21, 0x23,
    0xC4, 0x0F, 0x00, 0x00, 0xB2, 0xF8, 0x00, 0x00, 0x3B, 0x04, 0xF9, 0x07,
    0x08, 0xCE, 0xE0, 0x3B, 0x89, 0x07, 0x63, 0x04, 0x3A, 0xF3, 0x00, 0x00,
    0x22, 0x21, 0x23, 0x27, 0x59, 0x04, 0xD9, 0x07, 0x88, 0x26, 0xB0, 0x15,
    0x81, 0x10, 0x11, 0x08, 0x69, 0xF7, 0x00, 0x00, 0x11, 0x08, 0x69, 0xF7,
    0x22, 0x21, 0x23, 0x22, 0x3B, 0x04, 0xF9, 0x07, 0x08, 0xCE, 0xE0, 0x3B,
    0x89, 0x07, 0x63, 0x04, 0x3A, 0xF3, 0x00, 0x00, 0x63, 0x04, 0xF1, 0x07,
    0x21, 0x23, 0x22, 0x21, 0x1C, 0xB6, 0x9D, 0x3B, 0xCF, 0x07, 0x71, 0x08,
    0x6C, 0xF4, 0x00, 0x00, 0x3B, 0x04, 0xF9, 0x07, 0x08, 0xCE, 0xE0, 0x3B,
    0x23, 0x22, 0x21, 0x23, 0x89, 0x07, 0x63, 0x04, 0x3A, 0xF3, 0x00, 0x00,
    0x52, 0x04, 0xC9, 0x07, 0x29, 0x5F, 0x1F, 0x23, 0x77, 0x00, 0x41, 0x07,
    0x71, 0xF9, 0x00, 0x00, 0x22, 0x21, 0x23, 0x22, 0x63, 0x04, 0xF1, 0x07,
    0x1C, 0xB6, 0x9D, 0x3B, 0xCF, 0x07, 0x71, 0x08, 0x6C, 0xF4, 0x00, 0x00,
    0xEB, 0x05, 0x69, 0x07, 0x21, 0x23, 0x22, 0x21, 0x8C, 0x26, 0xF0, 0x15,
    0xA6, 0xDB, 0x97, 0x47, 0x1E, 0xFD, 0x00, 0x00, 0x04, 0x06, 0xBB, 0x07,
    0x4E, 0xBC, 0x86, 0x10, 0x23, 0x22, 0x21, 0x23, 0xB3, 0xD9, 0x47, 0x45,
    0xB3, 0x03, 0x00, 0x00, 0x24, 0x06, 0xC6, 0x07, 0x31, 0x4E, 0x63, 0x03,
    0xA6, 0xDB, 0xBF, 0x41, 0xD1, 0x04, 0x00, 0x00, 0x22, 0x21, 0x23, 0x22,
    0x04, 0x06, 0xBB, 0x07, 0x4E, 0xBC, 0x86, 0x10, 0xB3, 0xD9, 0x47, 0x45,
    0xB3, 0x03, 0x00, 0x00, 0x52, 0x06, 0xCC, 0x07, 0x21, 0x27, 0x22, 0x21,
    0x66, 0x7C, 0xC7, 0x36, 0x49, 0x3D, 0x77, 0x05, 0x24, 0x06, 0xC6, 0x07,
    0x31, 0x4E, 0x63, 0x03, 0x23, 0x27, 0x22, 0x21, 0xA6, 0xDB, 0xBF, 0x41,
    0xD1, 0x04, 0x00, 0x00, 0xBF, 0x41, 0xD1, 0x04, 0x52, 0x06, 0xCC, 0x07,
    0x66, 0x7C, 0xC7, 0x36, 0x23, 0x22, 0x21, 0x23, 0xB3, 0xD9, 0x49, 0x3D,
    0x77, 0x05, 0x00, 0x00, 0x90, 0x06, 0x90, 0x07, 0x88, 0x4A, 0xC3, 0x2E,
    0xA6, 0xDB, 0xDB, 0x38, 0x35, 0x01, 0x00, 0x00, 0x22, 0x21, 0x23, 0x22,
    0x52, 0x06, 0xCC, 0x07, 0x66, 0x7C, 0xC7, 0x36, 0xB3, 0xD9, 0x49, 0x3D,
    0x77, 0x05, 0x00, 0x00, 0x8D, 0x06, 0x96, 0x07, 0x21, 0x27, 0x22, 0x21,
    0xC7, 0xC0, 0xA2, 0x24, 0x21, 0x38, 0x3F, 0x01, 0x90, 0x06, 0x90, 0x07,
    0x88, 0x4A, 0xC3, 0x2E, 0x23, 0x22, 0x21, 0x23, 0xA6, 0xDB, 0xDB, 0x38,
    0x35, 0x01, 0x00, 0x00, 0x8D, 0x06, 0x33, 0x07, 0x7C, 0x71, 0x4D, 0x2D,
    0x7E, 0xD7, 0xAA, 0x3A, 0x7E, 0xF8, 0x00, 0x00, 0x22, 0x21, 0x23, 0x22,
    0x1B, 0x06, 0x1C, 0x07, 0xD0, 0xB4, 0x08, 0x02, 0x69, 0xD7, 0x9B, 0x41,
    0x88, 0xF6, 0x00, 0x00, 0x8B, 0x06, 0x39, 0x07, 0x21, 0x23, 0x22, 0x21,
    0xDC, 0xC8, 0x9B, 0x28, 0xB3, 0xD9, 0x0D, 0x38, 0x10, 0xF8, 0x00, 0x00,
    0x1B, 0x06, 0x1C, 0x07, 0xD0, 0xB4, 0x08, 0x02, 0x23, 0x22, 0x21, 0x23,
    0x69, 0xD7, 0x9B, 0x41, 0x88, 0xF6, 0x00, 0x00, 0x4E, 0x06, 0x0C, 0x07,
    0xFE, 0x03, 0xB8, 0x3E, 0xB3, 0xD9, 0x4D, 0x3D, 0xC1, 0xF3, 0x00, 0x00,
    0x22, 0x21, 0x27, 0x27, 0x8B, 0x06, 0x39, 0x07, 0xDC, 0xC8, 0x9B, 0x28,
    0x0D, 0x38, 0x10, 0xF8, 0x0D, 0x38, 0x10, 0xF8, 0x22, 0x21, 0x27, 0x22,
    0x4E, 0x06, 0x0C, 0x07, 0xFE, 0x03, 0xB8, 0x3E, 0x4D, 0x3D, 0xC1, 0xF3,
    0x8B, 0x06, 0x34, 0x07, 0x21, 0x23, 0x22, 0x21, 0x52, 0x52, 0x8D, 0x32,
    0xA6, 0xDB, 0x0B, 0x39, 0x96, 0xF7, 0x00, 0x00, 0x4E, 0x06, 0x0C, 0x07,
    0xFE, 0x03, 0xB8, 0x3E, 0x23, 0x22, 0x21, 0x23, 0xB3, 0xD9, 0x4D, 0x3D,
    0xC1, 0xF3, 0x00, 0x00, 0x20, 0x06, 0x20, 0x07, 0x35, 0x9A, 0x0C, 0x04,
    0xA6, 0xDB, 0xDF, 0x41, 0x65, 0xF5, 0x00, 0x00, 0x22, 0x21, 0x27, 0x22,
    0x8B, 0x06, 0x34, 0x07, 0x52, 0x52, 0x8D, 0x32, 0x0B, 0x39, 0x96, 0xF7,
    0x2D, 0x04, 0xE9, 0x06, 0x21, 0x23, 0x22, 0x21, 0x5D, 0x9A, 0x04, 0x00,
    0x00, 0x00, 0x6E, 0x22, 0xDB, 0x0B, 0x00, 0x00, 0xFB, 0x04, 0xBC, 0x06,
    0xE0, 0x92, 0x35, 0x0E, 0x23, 0x22, 0x21, 0x23, 0x2F, 0x0A, 0x73, 0x25,
    0x20, 0x0B, 0x00, 0x00, 0x2D, 0x04, 0xC0, 0x06, 0x2C, 0x4B, 0x07, 0x00,
    0x00, 0x00, 0x9D, 0x27, 0xCF, 0x10, 0x00, 0x00, 0x22, 0x21, 0x23, 0x22,
    0xFB, 0x04, 0xBC, 0x06, 0xE0, 0x92, 0x35, 0x0E, 0x2F, 0x0A, 0x73, 0x25,
    0x20, 0x0B, 0x00, 0x00, 0x0B, 0x05, 0x09, 0x06, 0x21, 0x23, 0x22, 0x21,
    0xD9, 0x1F, 0x86, 0x14, 0xFC, 0x0C, 0x99, 0x30, 0x75, 0x0D, 0x00, 0x00,
    0x2D, 0x04, 0xC0, 0x06, 0x2C, 0x4B, 0x07, 0x00, 0x23, 0x27, 0x22, 0x21,
    0x00, 0x00, 0x9D, 0x27, 0xCF, 0x10, 0x00, 0x00, 0x9D, 0x27, 0xCF, 0x10,
    0x0B, 0x05, 0x09, 0x06, 0xD9, 0x1F, 0x86, 0x14, 0x23, 0x22, 0x21, 0x23,
    0xFC, 0x0C, 0x99, 0x30, 0x75, 0x0D, 0x00, 0x00, 0x2D, 0x04, 0x0E, 0x06,
    0x4E, 0xE8, 0x07, 0x00, 0x00, 0x00, 0x94, 0x31, 0xBE, 0x12, 0x00, 0x00,
    0x22, 0x21, 0x23, 0x22, 0x0B, 0x05, 0x09, 0x06, 0xD9, 0x1F, 0x86, 0x14,
    0xFC, 0x0C, 0x99, 0x30, 0x75, 0x0D, 0x00, 0x00, 0x0E, 0x05, 0x90, 0x05,
    0x21, 0x23, 0x22, 0x21, 0xC0, 0x60, 0x65, 0x14, 0xF0, 0x0C, 0x1F, 0x3B,
    0xEB, 0x0A, 0x00, 0x00, 0x2D, 0x04, 0x0E, 0x06, 0x4E, 0xE8, 0x07, 0x00,
    0x23, 0x22, 0x21, 0x23, 0x00, 0x00, 0x94, 0x31, 0xBE, 0x12, 0x00, 0x00,
    0xE4, 0x01, 0xEE, 0x05, 0xB6, 0x88, 0xE2, 0x23, 0xFF, 0xFA, 0xB0, 0x50,
    0x68, 0x13, 0x00, 0x00, 0x22, 0x21, 0x23, 0x22, 0xFD, 0x01, 0xA6, 0x05,
    0xFE, 0xE8, 0x80, 0x24, 0x06, 0xF9, 0xB5, 0x52, 0x7C, 0x1C, 0x00, 0x00,
    0xFD, 0x01, 0xCE, 0x05, 0x21, 0x23, 0x22, 0x21, 0x7C, 0xA3, 0x9B, 0x26,
    0xE4, 0xF8, 0xEC, 0x55, 0x75, 0x17, 0x00, 0x00, 0xFD, 0x01, 0xA6, 0x05,
    0xFE, 0xE8, 0x80, 0x24, 0x23, 0x22, 0x21, 0x23, 0x06, 0xF9, 0xB5, 0x52,
    0x7C, 0x1C, 0x00, 0x00, 0xD2, 0x01, 0xA1, 0x05, 0x1C, 0x21, 0x9A, 0x33,
    0x7B, 0xFC, 0xCD, 0x57, 0x26, 0x1D, 0x00, 0x00, 0x22, 0x21, 0x23, 0x27,
    0xFD, 0x01, 0xCE, 0x05, 0x7C, 0xA3, 0x9B, 0x26, 0xE4, 0xF8, 0xEC, 0x55,
    0x75, 0x17, 0x00, 0x00, 0xEC, 0x55, 0x75, 0x17, 0x22, 0x21, 0x23, 0x22,
    0xD2, 0x01, 0xA1, 0x05, 0x1C, 0x21, 0x9A, 0x33, 0x7B, 0xFC, 0xCD, 0x57,
    0x26, 0x1D, 0x00, 0x00, 0xA8, 0x01, 0xCC, 0x05, 0x21, 0x23, 0x22, 0x21,
    0xCC, 0x13, 0x08, 0x00, 0x00, 0x00, 0xEB, 0x58, 0xBC, 0x17, 0x00, 0x00,
    0xD2, 0x01, 0xA1, 0x05, 0x1C, 0x21, 0x9A, 0x33, 0x23, 0x22, 0x21, 0x26,
    0x7B, 0xFC, 0xCD, 0x57, 0x26, 0x1D, 0x00, 0x00, 0x7D, 0x01, 0xA1, 0x05,
    0x1C, 0x21, 0x7A, 0x0C, 0x85, 0x03, 0x26, 0x1D, 0x22, 0x21, 0x23, 0x22,
    0xA8, 0x01, 0xCC, 0x05, 0xCC, 0x13, 0x08, 0x00, 0x00, 0x00, 0xEB, 0x58,
    0xBC, 0x17, 0x00, 0x00, 0x88, 0x01, 0x84, 0x05, 0x21, 0x23, 0x22, 0x21,
    0xF3, 0x93, 0x42, 0x1E, 0x55, 0x11, 0x2C, 0x4E, 0xA4, 0x00, 0x00, 0x00,
    0x00, 0x02, 0x6C, 0x05, 0x00, 0xC9, 0xBF, 0x1B, 0x23, 0x22, 0x21, 0x23,
    0xC6, 0x10, 0x15, 0x56, 0x5B, 0x00, 0x00, 0x00, 0x78, 0x01, 0x06, 0x05,
    0xA2, 0x28, 0x60, 0x1E, 0xAA, 0x10, 0xA0, 0x50, 0x98, 0x08, 0x00, 0x00,
    0x22, 0x21, 0x23, 0x22, 0x00, 0x02, 0x6C, 0x05, 0x00, 0xC9, 0xBF, 0x1B,
    0xC6, 0x10, 0x15, 0x56, 0x5B, 0x00, 0x00, 0x00, 0xD4, 0x01, 0xFE, 0x04,
    0x21, 0x23, 0x22, 0x21, 0xAF, 0x54, 0xFF, 0x1D, 0x75, 0x0F, 0x22, 0x56,
    0x61, 0x07, 0x00, 0x00, 0x78, 0x01, 0x06, 0x05, 0xA2, 0x28, 0x60, 0x1E,
    0x23, 0x27, 0x22, 0x21, 0xAA, 0x10, 0xA0, 0x50, 0x98, 0x08, 0x00, 0x00,
    0xA0, 0x50, 0x98, 0x08, 0xD4, 0x01, 0xFE, 0x04, 0xAF, 0x54, 0xFF, 0x1D,
    0x23, 0x22, 0x21, 0x23, 0x75, 0x0F, 0x22, 0x56, 0x61, 0x07, 0x00, 0x00,
    0x96, 0x01, 0xA1, 0x04, 0x78, 0x81, 0xEE, 0x14, 0xC5, 0x0C, 0x6F, 0x55,
    0x1B, 0x0E, 0x00, 0x00, 0x22, 0x21, 0x23, 0x22, 0xD4, 0x01, 0xFE, 0x04,
    0xAF, 0x54, 0xFF, 0x1D, 0x75, 0x0F, 0x22, 0x56, 0x61, 0x07, 0x00, 0x00,
    0x1B, 0x02, 0x86, 0x04, 0x21, 0x23, 0x22, 0x23, 0x78, 0x81, 0xEE, 0x14,
    0x75, 0x0C, 0x33, 0x5E, 0xA8, 0x0D, 0x00, 0x00, 0x96, 0x01, 0xA1, 0x04,
    0xC5, 0x0C, 0x6F, 0x55, 0x1B, 0x0E, 0x00, 0x00, 0x22, 0x21, 0x23, 0x22,
    0x3E, 0x02, 0x86, 0x04, 0x98, 0xA3, 0x47, 0x39, 0x55, 0x11, 0x2C, 0x4E,
    0xA4, 0x00, 0x00, 0x00, 0x42, 0x02, 0x86, 0x04, 0x21, 0x23, 0x22, 0x21,
    0xBC, 0x72, 0x55, 0x34, 0x22, 0x0F, 0x95, 0x4F, 0x4E, 0xFC, 0x00, 0x00,
    0x3D, 0x02, 0x89, 0x04, 0xD9, 0x8A, 0x96, 0x00, 0x23, 0x22, 0x21, 0x23,
    0xFA, 0x14, 0x2E, 0x4E, 0xC6, 0xFC, 0x00, 0x00, 0x42, 0x02, 0x86, 0x04,
    0xBC, 0x72, 0x55, 0x34, 0x22, 0x0F, 0x95, 0x4F, 0x4E, 0xFC, 0x00, 0x00,
    0x22, 0x21, 0x23, 0x22, 0x47, 0x02, 0x8C, 0x04, 0x14, 0x22, 0x22, 0x3E,
    0xE2, 0x13, 0x6C, 0x53, 0xB2, 0xF7, 0x00, 0x00, 0x3D, 0x02, 0x89, 0x04,
    0x21, 0x23, 0x27, 0x22, 0xD9, 0x8A, 0x96, 0x00, 0xFA, 0x14, 0x2E, 0x4E,
    0xC6, 0xFC, 0x00, 0x00, 0x2E, 0x4E, 0xC6, 0xFC, 0x47, 0x02, 0x8C, 0x04,
    0x21, 0x23, 0x22, 0x21, 0x14, 0x22, 0x22, 0x3E, 0xE2, 0x13, 0x6C, 0x53,
    0xB2, 0xF7, 0x00, 0x00, 0x47, 0x02, 0x91, 0x04, 0x3E, 0xB2, 0xC2, 0x0A,
    0x23, 0x22, 0x21, 0x23, 0x1F, 0x18, 0x73, 0x53, 0x4F, 0xF9, 0x00, 0x00,
    0x47, 0x02, 0x8C, 0x04, 0x14, 0x22, 0x22, 0x3E, 0xE2, 0x13, 0x6C, 0x53,
    0xB2, 0xF7, 0x00, 0x00, 0x22, 0x21, 0x23, 0x22, 0x52, 0x02, 0x91, 0x04,
    0x28, 0xEA, 0xEC, 0x3F, 0x45, 0x18, 0xE2, 0x59, 0x6A, 0xF9, 0x00, 0x00,
    0x47, 0x02, 0x91, 0x04, 0x21, 0x23, 0x22, 0x21, 0x3E, 0xB2, 0xC2, 0x0A,
    0x1F, 0x18, 0x73, 0x53, 0x4F, 0xF9, 0x00, 0x00, 0x1B, 0x02, 0x86, 0x04,
    0x78, 0x81, 0xEE, 0x14, 0x23, 0x22, 0x21, 0x23, 0x75, 0x0C, 0x33, 0x5E,
    0xA8, 0x0D, 0x00, 0x00, 0xD4, 0x01, 0xFE, 0x04, 0xAF, 0x54, 0xFF, 0x1D,
    0x75, 0x0F, 0x22, 0x56, 0x61, 0x07, 0x00, 0x00, 0x22, 0x23, 0x22, 0x23,
    0x47, 0x02, 0xD6, 0x04, 0x0A, 0x0F, 0x9B, 0x5E, 0x29, 0x08, 0x00, 0x00,
    0xD4, 0x01, 0xFE, 0x04, 0x75, 0x0F, 0x22, 0x56, 0x61, 0x07, 0x00, 0x00,
    0x22, 0x21, 0x23, 0x22, 0x00, 0x02, 0x6C, 0x05, 0x00, 0xC9, 0xBF, 0x1B,
    0xC6, 0x10, 0x15, 0x56, 0x5B, 0x00, 0x00, 0x00, 0x47, 0x02, 0xD6, 0x04,
    0x21, 0x23, 0x27, 0x22, 0xAF, 0x54, 0xFF, 0x1D, 0x0A, 0x0F, 0x9B, 0x5E,
    0x29, 0x08, 0x00, 0x00, 0x9B, 0x5E, 0x29, 0x08, 0x00, 0x02, 0x6C, 0x05,
    0x21, 0x23, 0x22, 0x21, 0x00, 0xC9, 0xBF, 0x1B, 0xC6, 0x10, 0x15, 0x56,
    0x5B, 0x00, 0x00, 0x00, 0x48, 0x02, 0x54, 0x05, 0xFE, 0xE8, 0x80, 0x1B,
    0x23, 0x22, 0x21, 0x23, 0x38, 0x11, 0x17, 0x5B, 0x7D, 0x00, 0x00, 0x00,
    0x00, 0x02, 0x6C, 0x05, 0x00, 0xC9, 0xBF, 0x1B, 0xC6, 0x10, 0x15, 0x56,
    0x5B, 0x00, 0x00, 0x00, 0x22, 0x21, 0x23, 0x22, 0x59, 0x02, 0x8E, 0x05,
    0x80, 0x35, 0x00, 0x15, 0x1A, 0x15, 0xE7, 0x5B, 0x93, 0xFC, 0x00, 0x00,
    0x48, 0x02, 0x54, 0x05, 0x21, 0x23, 0x22, 0x21, 0xFE, 0xE8, 0x80, 0x1B,
    0x38, 0x11, 0x17, 0x5B, 0x7D, 0x00, 0x00, 0x00, 0x18, 0x03, 0x2E, 0x07,
    0x78, 0x81, 0x2E, 0x2B, 0x23, 0x22, 0x21, 0x23, 0x3B, 0xF3, 0x6F, 0x55,
    0x1B, 0x0E, 0x00, 0x00, 0x4D, 0x03, 0x69, 0x07, 0xA2, 0x28, 0xA0, 0x21,
    0x56, 0xEF, 0xA0, 0x50, 0x98, 0x08, 0x00, 0x00, 0x22, 0x21, 0x23, 0x22,
    0x0D, 0x03, 0x64, 0x07, 0x80, 0x35, 0x00, 0x2B, 0xF3, 0xF3, 0xDE, 0x4F,
    0x05, 0x10, 0x00, 0x00, 0x4D, 0x03, 0x69, 0x07, 0x21, 0x23, 0x22, 0x21,
    0xA2, 0x28, 0xA0, 0x21, 0x56, 0xEF, 0xA0, 0x50, 0x98, 0x08, 0x00, 0x00,
    0xEB, 0x02, 0xBE, 0x07, 0xF6, 0xEC, 0xC3, 0x28, 0x23, 0x22, 0x21, 0x23,
    0x5B, 0xF3, 0x5A, 0x49, 0xE5, 0x0C, 0x00, 0x00, 0x0D, 0x03, 0x64, 0x07,
    0x80, 0x35, 0x00, 0x2B, 0xF3, 0xF3, 0xDE, 0x4F, 0x05, 0x10, 0x00, 0x00,
    0x27, 0x22, 0x21, 0x23, 0xDE, 0x4F, 0x05, 0x10, 0xEB, 0x02, 0xBE, 0x07,
    0xF6, 0xEC, 0xC3, 0x28, 0x5B, 0xF3, 0x5A, 0x49, 0xE5, 0x0C, 0x00, 0x00,
    0x22, 0x21, 0x23, 0x22, 0xCD, 0x02, 0x93, 0x07, 0xAE, 0x41, 0x22, 0x31,
    0x7F, 0xF8, 0x27, 0x4B, 0xCF, 0x11, 0x00, 0x00, 0xEB, 0x02, 0xBE, 0x07,
    0x21, 0x23, 0x22, 0x21, 0xF6, 0xEC, 0xC3, 0x28, 0x5B, 0xF3, 0x5A, 0x49,
    0xE5, 0x0C, 0x00, 0x00, 0x98, 0x02, 0xDE, 0x07, 0x20, 0x09, 0x16, 0x35,
    0x23, 0x22, 0x21, 0x23, 0x3B, 0xFC, 0x33, 0x44, 0x36, 0x10, 0x00, 0x00,
    0xCD, 0x02, 0x93, 0x07, 0xAE, 0x41, 0x22, 0x31, 0x7F, 0xF8, 0x27, 0x4B,
    0xCF, 0x11, 0x00, 0x00, 0x22, 0x21, 0x23, 0x22, 0xED, 0x06, 0x76, 0x06,
    0x07, 0xD0, 0x40, 0x20, 0x5B, 0x11, 0xA3, 0x15, 0x81, 0xFE, 0x00, 0x00,
    0x58, 0x07, 0x6C, 0x06, 0x21, 0x23, 0x22, 0x21, 0x23, 0x90, 0xC7, 0x35,
    0x9A, 0x09, 0x6C, 0x15, 0x0B, 0x08, 0x00, 0x00, 0x58, 0x07, 0xB0, 0x06,
    0xC0, 0x33, 0x08, 0x05, 0x23, 0x22, 0x21, 0x23, 0x7B, 0x09, 0x2D, 0x15,
    0x0E, 0x08, 0x00, 0x00, 0x58, 0x07, 0x6C, 0x06, 0x23, 0x90, 0xC7, 0x35,
    0x9A, 0x09, 0x6C, 0x15, 0x0B, 0x08, 0x00, 0x00, 0x22, 0x21, 0x23, 0x22,
    0xB6, 0x07, 0x7E, 0x06, 0xF5, 0x1B, 0x84, 0x1B, 0x16, 0x01, 0x13, 0x15,
    0x6D, 0x03, 0x00, 0x00, 0x58, 0x07, 0xB0, 0x06, 0x21, 0x23, 0x27, 0x22,
    0xC0, 0x33, 0x08, 0x05, 0x7B, 0x09, 0x2D, 0x15, 0x0E, 0x08, 0x00, 0x00,
    0x2D, 0x15, 0x0E, 0x08, 0xB6, 0x07, 0x7E, 0x06, 0x21, 0x23, 0x22, 0x21,
    0xF5, 0x1B, 0x84, 0x1B, 0x16, 0x01, 0x13, 0x15, 0x6D, 0x03, 0x00, 0x00,
    0xAB, 0x07, 0xF8, 0x06, 0x56, 0x11, 0x8F, 0x28, 0x23, 0x22, 0x21, 0x23,
    0x68, 0x01, 0xC7, 0x0A, 0x7E, 0x05, 0x00, 0x00, 0xB6, 0x07, 0x7E, 0x06,
    0xF5, 0x1B, 0x84, 0x1B, 0x16, 0x01, 0x13, 0x15, 0x6D, 0x03, 0x00, 0x00,
    0x22, 0x21, 0x23, 0x22, 0xE8, 0x07, 0xF6, 0x06, 0x64, 0x53, 0x90, 0x21,
    0x77, 0x00, 0x41, 0x07, 0x71, 0xF9, 0x00, 0x00, 0xAB, 0x07, 0xF8, 0x06,
    0x21, 0x23, 0x22, 0x21, 0x56, 0x11, 0x8F, 0x28, 0x68, 0x01, 0xC7, 0x0A,
    0x7E, 0x05, 0x00, 0x00, 0x94, 0x00, 0x91, 0x05, 0x64, 0xB4, 0x49, 0x2D,
    0x23, 0x22, 0x21, 0x23, 0x3C, 0xF5, 0xFA, 0x74, 0xDF, 0x07, 0x00, 0x00,
    0x86, 0x00, 0xB6, 0x05, 0x3E, 0x13, 0xE9, 0x35, 0x0B, 0xF8, 0x63, 0x74,
    0x0E, 0xFE, 0x00, 0x00, 0x22, 0x21, 0x23, 0x22, 0xB4, 0x00, 0xBB, 0x05,
    0x7E, 0xFB, 0x8A, 0x28, 0x55, 0xEE, 0xA5, 0x6D, 0x64, 0x01, 0x00, 0x00,
    0x86, 0x00, 0xB6, 0x05, 0x21, 0x23, 0x22, 0x21, 0x3E, 0x13, 0xE9, 0x35,
    0x0B, 0xF8, 0x63, 0x74, 0x0E, 0xFE, 0x00, 0x00, 0x98, 0x00, 0x14, 0x06,
    0xA8, 0x0A, 0x2B, 0x33, 0x23, 0x22, 0x21, 0x23, 0x2C, 0xF4, 0xA5, 0x65,
    0xD8, 0xED, 0x00, 0x00, 0xB4, 0x00, 0xBB, 0x05, 0x7E, 0xFB, 0x8A, 0x28,
    0x55, 0xEE, 0xA5, 0x6D, 0x64, 0x01, 0x00, 0x00, 0x27, 0x22, 0x21, 0x23,
    0xA5, 0x6D, 0x64, 0x01, 0x98, 0x00, 0x14, 0x06, 0xA8, 0x0A, 0x2B, 0x33,
    0x2C, 0xF4, 0xA5, 0x65, 0xD8, 0xED, 0x00, 0x00, 0x22, 0x21, 0x23, 0x22,
    0xBC, 0x00, 0x14, 0x06, 0x00, 0x53, 0x8F, 0x24, 0xAF, 0xEC, 0xF2, 0x5F,
    0x97, 0xF1, 0x00, 0x00, 0x98, 0x00, 0x14, 0x06, 0x21, 0x23, 0x22, 0x21,
    0xA8, 0x0A, 0x2B, 0x33, 0x2C, 0xF4, 0xA5, 0x65, 0xD8, 0xED, 0x00, 0x00,
    0x60, 0x00, 0x44, 0x06, 0x01, 0x72, 0x00, 0x00, 0x23, 0x22, 0x21, 0x23,
    0x00, 0x00, 0xEE, 0x5D, 0xF3, 0xE5, 0x00, 0x00, 0xBC, 0x00, 0x14, 0x06,
    0x00, 0x53, 0x8F, 0x24, 0xAF, 0xEC, 0xF2, 0x5F, 0x97, 0xF1, 0x00, 0x00,
    0x22, 0x21, 0x23, 0x22, 0x96, 0x02, 0x58, 0x07, 0xB6, 0x88, 0x22, 0x1C,
    0x01, 0x05, 0xB0, 0x50, 0x68, 0x13, 0x00, 0x00, 0xCD, 0x02, 0x93, 0x07,
    0x21, 0x23, 0x22, 0x21, 0xAE, 0x01, 0x72, 0x0F, 0x81, 0x07, 0x27, 0x4B,
    0xCF, 0x11, 0x00, 0x00, 0x0D, 0x03, 0x64, 0x07, 0x80, 0x35, 0x00, 0x15,
    0x23, 0x22, 0x21, 0x23, 0x0D, 0x0C, 0xDE, 0x4F, 0x05, 0x10, 0x00, 0x00,
    0xCD, 0x02, 0x93, 0x07, 0xAE, 0x01, 0x72, 0x0F, 0x81, 0x07, 0x27, 0x4B,
    0xCF, 0x11, 0x00, 0x00, 0x22, 0x21, 0x23, 0x22, 0xEB, 0x02, 0xBE, 0x07,
    0xF6, 0xEC, 0x43, 0x17, 0xA5, 0x0C, 0x5A, 0x49, 0xE5, 0x0C, 0x00, 0x00,
    0x0D, 0x03, 0x64, 0x07, 0x21, 0x23, 0x27, 0x22, 0x80, 0x35, 0x00, 0x15,
    0x0D, 0x0C, 0xDE, 0x4F, 0x05, 0x10, 0x00, 0x00, 0xDE, 0x4F, 0x05, 0x10,
    0xEB, 0x02, 0xBE, 0x07, 0x21, 0x23, 0x22, 0x21, 0xF6, 0xEC, 0x43, 0x17,
    0xA5, 0x0C, 0x5A, 0x49, 0xE5, 0x0C, 0x00, 0x00, 0x4D, 0x03, 0x69, 0x07,
    0xA2, 0x28, 0x60, 0x1E, 0x23, 0x22, 0x21, 0x23, 0xAA, 0x10, 0xA0, 0x50,
    0x98, 0x08, 0x00, 0x00, 0xEB, 0x02, 0xBE, 0x07, 0xF6, 0xEC, 0x43, 0x17,
    0xA5, 0x0C, 0x5A, 0x49, 0xE5, 0x0C, 0x00, 0x00, 0x22, 0x21, 0x23, 0x22,
    0x36, 0x03, 0xB1, 0x07, 0x37, 0x80, 0x34, 0x1A, 0xEE, 0x0E, 0xCE, 0x49,
    0x2E, 0x06, 0x00, 0x00, 0x4D, 0x03, 0x69, 0x07, 0x21, 0x23, 0x22, 0x21,
    0xA2, 0x28, 0x60, 0x1E, 0xAA, 0x10, 0xA0, 0x50, 0x98, 0x08, 0x00, 0x00,
    0xFB, 0x04, 0xBC, 0x06, 0xE0, 0x92, 0x35, 0x0E, 0x23, 0x22, 0x21, 0x23,
    0x2F, 0x0A, 0x73, 0x25, 0x20, 0x0B, 0x00, 0x00, 0x66, 0x05, 0x86, 0x06,
    0x8D, 0x53, 0xC1, 0x1E, 0x96, 0x12, 0x49, 0x28, 0x2E, 0x03, 0x00, 0x00,
    0x22, 0x21, 0x23, 0x22, 0x0B, 0x05, 0x09, 0x06, 0xD9, 0x1F, 0x86, 0x14,
    0xFC, 0x0C, 0x99, 0x30, 0x75, 0x0D, 0x00, 0x00, 0x66, 0x05, 0x86, 0x06,
    0x21, 0x23, 0x22, 0x21, 0x8D, 0x53, 0xC1, 0x1E, 0x96, 0x12, 0x49, 0x28,
    0x2E, 0x03, 0x00, 0x00, 0x7D, 0x05, 0x0C, 0x06, 0x42, 0x6C, 0x31, 0x1F,
    0x23, 0x22, 0x21, 0x23, 0x47, 0x13, 0x18, 0x33, 0xE0, 0x01, 0x00, 0x00,
    0x0B, 0x05, 0x09, 0x06, 0xD9, 0x1F, 0x86, 0x14, 0xFC, 0x0C, 0x99, 0x30,
    0x75, 0x0D, 0x00, 0x00, 0x27, 0x22, 0x21, 0x23, 0x99, 0x30, 0x75, 0x0D,
    0x7D, 0x05, 0x0C, 0x06, 0x42, 0x6C, 0x31, 0x1F, 0x47, 0x13, 0x18, 0x33,
    0xE0, 0x01, 0x00, 0x00, 0x22, 0x21, 0x23, 0x22, 0x0E, 0x05, 0x90, 0x05,
    0xC0, 0x60, 0x65, 0x14, 0xF0, 0x0C, 0x1F, 0x3B, 0xEB, 0x0A, 0x00, 0x00,
    0x7D, 0x05, 0x0C, 0x06, 0x21, 0x23, 0x22, 0x21, 0x42, 0x6C, 0x31, 0x1F,
    0x47, 0x13, 0x18, 0x33, 0xE0, 0x01, 0x00, 0x00, 0x81, 0x05, 0xB1, 0x05,
    0x60, 0xDF, 0x44, 0x17, 0x23, 0x22, 0x21, 0x23, 0x38, 0x11, 0x99, 0x39,
    0x0D, 0x02, 0x00, 0x00, 0x0E, 0x05, 0x90, 0x05, 0xC0, 0x60, 0x65, 0x14,
    0xF0, 0x0C, 0x1F, 0x3B, 0xEB, 0x0A, 0x00, 0x00, 0x22, 0x21, 0x23, 0x22,
    0x5C, 0x07, 0xCE, 0x07, 0x68, 0x4D, 0xC5, 0x37, 0xCC, 0xC5, 0x85, 0x3C,
    0xFB, 0x06, 0x00, 0x00, 0x52, 0x07, 0x80, 0x07, 0x21, 0x24, 0x22, 0x21,
    0xF4, 0x31, 0x20, 0x39, 0x11, 0xD3, 0x03, 0x00, 0x80, 0x07, 0x86, 0x07,
    0xD4, 0xBC, 0xEF, 0x22, 0x23, 0x22, 0x21, 0x24, 0x32, 0xCA, 0x7A, 0x36,
    0x9D, 0xFF, 0x00, 0x00, 0x52, 0x07, 0x80, 0x07, 0xF4, 0x31, 0x20, 0x39,
    0x11, 0xD3, 0x03, 0x00, 0x22, 0x21, 0x23, 0x22, 0x51, 0x07, 0x10, 0x07,
    0xBA, 0x95, 0x6C, 0x37, 0xF2, 0xC5, 0x97, 0x3C, 0x43, 0xF5, 0x00, 0x00,
    0x80, 0x07, 0x86, 0x07, 0x21, 0x23, 0x27, 0x22, 0xD4, 0xBC, 0xEF, 0x22,
    0x32, 0xCA, 0x7A, 0x36, 0x9D, 0xFF, 0x00, 0x00, 0x7A, 0x36, 0x9D, 0xFF,
    0x51, 0x07, 0x10, 0x07, 0x21, 0x23, 0x22, 0x21, 0xBA, 0x95, 0x6C, 0x37,
    0xF2, 0xC5, 0x97, 0x3C, 0x43, 0xF5, 0x00, 0x00, 0x80, 0x07, 0x0E, 0x07,
    0x57, 0x60, 0xE9, 0x2E, 0x23, 0x22, 0x21, 0x23, 0x4C, 0xCB, 0x4E, 0x39,
    0xA7, 0xF4, 0x00, 0x00, 0xEB, 0x05, 0x69, 0x07, 0x8C, 0x26, 0xF0, 0x15,
    0xA6, 0xDB, 0x97, 0x47, 0x1E, 0xFD, 0x00, 0x00, 0x21, 0x23, 0x22, 0x21,
    0xC4, 0xCC, 0x60, 0x1D, 0xB3, 0xD9, 0x14, 0x48, 0x9F, 0xFC, 0x00, 0x00,
    0x04, 0x06, 0xBB, 0x07, 0x4E, 0xBC, 0x86, 0x10, 0x27, 0x22, 0x21, 0x27,
    0x47, 0x45, 0xB3, 0x03, 0xEB, 0x05, 0x69, 0x07, 0xC4, 0xCC, 0x60, 0x1D,
    0x14, 0x48, 0x9F, 0xFC, 0x22, 0x21, 0x23, 0x22, 0x1B, 0x06, 0xC9, 0x07,
    0xEE, 0x0C, 0xC6, 0x0E, 0x70, 0xD7, 0xEA, 0x41, 0x8B, 0x03, 0x00, 0x00,
    0x04, 0x06, 0xBB, 0x07, 0x21, 0x23, 0x27, 0x22, 0x4E, 0xBC, 0x86, 0x10,
    0xB3, 0xD9, 0x47, 0x45, 0xB3, 0x03, 0x00, 0x00, 0x47, 0x45, 0xB3, 0x03,
    0x1B, 0x06, 0xC9, 0x07, 0x21, 0x23, 0x22, 0x21, 0xEE, 0x0C, 0xC6, 0x0E,
    0x70, 0xD7, 0xEA, 0x41, 0x8B, 0x03, 0x00, 0x00, 0x8D, 0x06, 0xA1, 0x07,
    0x42, 0xFD, 0x24, 0x31, 0x23, 0x22, 0x21, 0x23, 0x4F, 0xD7, 0xD4, 0x3A,
    0xDB, 0x00, 0x00, 0x00, 0x88, 0x06, 0x96, 0x07, 0xA8, 0x8A, 0x85, 0x37,
    0x90, 0x28, 0xEA, 0x41, 0x8B, 0x03, 0x00, 0x00, 0x22, 0x21, 0x23, 0x22,
    0xC0, 0x06, 0x94, 0x07, 0xC0, 0xF3, 0x96, 0x30, 0x80, 0x30, 0x54, 0x44,
    0xB8, 0x07, 0x00, 0x00, 0x88, 0x06, 0x41, 0x07, 0x21, 0x23, 0x22, 0x21,
    0x9E, 0x53, 0xCF, 0x20, 0x84, 0x28, 0x22, 0x46, 0x04, 0xFD, 0x00, 0x00,
    0xC0, 0x06, 0x94, 0x07, 0xC0, 0xF3, 0x96, 0x30, 0x23, 0x22, 0x21, 0x23,
    0x80, 0x30, 0x54, 0x44, 0xB8, 0x07, 0x00, 0x00, 0xFD, 0x06, 0x56, 0x07,
    0x5B, 0x5D, 0x80, 0x28, 0xF5, 0x38, 0x0B, 0x46, 0x61, 0xFF, 0x00, 0x00,
    0x22, 0x21, 0x23, 0x27, 0x88, 0x06, 0x41, 0x07, 0x9E, 0x53, 0xCF, 0x20,
    0x84, 0x28, 0x22, 0x46, 0x04, 0xFD, 0x00, 0x00, 0x22, 0x46, 0x04, 0xFD,
    0x22, 0x21, 0x23, 0x22, 0xFD, 0x06, 0x56, 0x07, 0x5B, 0x5D, 0x80, 0x28,
    0xF5, 0x38, 0x0B, 0x46, 0x61, 0xFF, 0x00, 0x00, 0xF2, 0x06, 0x0E, 0x07,
    0x21, 0x23, 0x22, 0x21, 0xB3, 0xF0, 0x69, 0x2E, 0x82, 0x37, 0x2E, 0x43,
    0x7D, 0xF3, 0x00, 0x00, 0xD0, 0x06, 0xFE, 0x07, 0x1A, 0x1B, 0x2D, 0x1A,
    0x23, 0x22, 0x21, 0x23, 0x82, 0x28, 0xAA, 0x3A, 0x7E, 0xF8, 0x00, 0x00,
    0x68, 0x06, 0xFC, 0x07, 0xE8, 0x7A, 0x29, 0x3A, 0x97, 0x28, 0x9B, 0x41,
    0x88, 0xF6, 0x00, 0x00, 0x22, 0x21, 0x23, 0x22, 0x0D, 0x07, 0xF8, 0x07,
    0x50, 0x1B, 0xAA, 0x12, 0x4D, 0x2D, 0x9B, 0x39, 0xC6, 0xF4, 0x00, 0x00,
    0x68, 0x06, 0xFC, 0x07, 0x21, 0x23, 0x22, 0x21, 0xE8, 0x7A, 0x29, 0x3A,
    0x97, 0x28, 0x9B, 0x41, 0x88, 0xF6, 0x00, 0x00, 0x68, 0x06, 0xE1, 0x07,
    0x98, 0xAB, 0x18, 0x35, 0x23, 0x22, 0x21, 0x23, 0x93, 0x2F, 0x2F, 0x43,
    0x3C, 0xF3, 0x00, 0x00, 0x0D, 0x07, 0xF8, 0x07, 0x50, 0x1B, 0xAA, 0x12,
    0x4D, 0x2D, 0x9B, 0x39, 0xC6, 0xF4, 0x00, 0x00, 0x27, 0x22, 0x21, 0x23,
    0x9B, 0x39, 0xC6, 0xF4, 0x68, 0x06, 0xE1, 0x07, 0x98, 0xAB, 0x18, 0x35,
    0x93, 0x2F, 0x2F, 0x43, 0x3C, 0xF3, 0x00, 0x00, 0x22, 0x21, 0x23, 0x22,
    0xF2, 0x06, 0xAE, 0x07, 0x57, 0x60, 0x29, 0x11, 0xB4, 0x34, 0x4E, 0x39,
    0xA7, 0xF4, 0x00, 0x00, 0x84, 0x06, 0x5F, 0x04, 0x21, 0x23, 0x22, 0x21,
    0xB4, 0x03, 0xAA, 0x14, 0xEF, 0x10, 0x51, 0x39, 0x89, 0xF8, 0x00, 0x00,
    0x38, 0x06, 0x05, 0x04, 0x24, 0xA1, 0x29, 0x06, 0x23, 0x22, 0x21, 0x26,
    0x11, 0x0A, 0xB3, 0x41, 0x6C, 0xF6, 0x00, 0x00, 0x38, 0x06, 0x4C, 0x04,
    0x06, 0x10, 0xE7, 0x0E, 0x7C, 0x0F, 0x6B, 0xF6, 0x22, 0x21, 0x26, 0x22,
    0x38, 0x06, 0x05, 0x04, 0x24, 0xA1, 0x29, 0x06, 0x11, 0x0A, 0x6C, 0xF6,
    0xF2, 0x05, 0x4C, 0x04, 0x21, 0x23, 0x22, 0x21, 0xEB, 0x43, 0x81, 0x1F,
    0x96, 0x0F, 0x58, 0x46, 0x9A, 0xFC, 0x00, 0x00, 0x38, 0x06, 0x4C, 0x04,
    0x06, 0x10, 0xE7, 0x0E, 0x23, 0x27, 0x22, 0x21, 0x7C, 0x0F, 0xB3, 0x41,
    0x6B, 0xF6, 0x00, 0x00, 0xB3, 0x41, 0x6B, 0xF6, 0xF2, 0x05, 0x4C, 0x04,
    0xEB, 0x43, 0x81, 0x1F, 0x23, 0x22, 0x21, 0x23, 0x96, 0x0F, 0x58, 0x46,
    0x9A, 0xFC, 0x00, 0x00, 0xF2, 0x05, 0x28, 0x05, 0x02, 0x04, 0xCF, 0x1F,
    0xBF, 0x1B, 0x3D, 0x46, 0x39, 0xFD, 0x00, 0x00, 0x22, 0x21, 0x23, 0x22,
    0x0F, 0x00, 0xF8, 0x06, 0xFA, 0x41, 0x01, 0x00, 0x00, 0x00, 0x5E, 0x66,
    0xA2, 0x1D, 0x00, 0x00, 0x0F, 0x00, 0x76, 0x06, 0x21, 0x27, 0x22, 0x21,
    0x82, 0x44, 0x08, 0x00, 0x8A, 0x69, 0x2B, 0x12, 0x79, 0x00, 0xCE, 0x06,
    0x53, 0x3D, 0xD3, 0x2B, 0x23, 0x22, 0x21, 0x23, 0xC0, 0xF1, 0xD9, 0x62,
    0x70, 0x16, 0x00, 0x00, 0x0F, 0x00, 0x76, 0x06, 0x82, 0x44, 0x08, 0x00,
    0x00, 0x00, 0x8A, 0x69, 0x2B, 0x12, 0x00, 0x00, 0x22, 0x21, 0x23, 0x22,
    0x80, 0x00, 0x4C, 0x06, 0x26, 0x20, 0x8A, 0x2A, 0xF8, 0xF3, 0xB0, 0x65,
    0x85, 0x0E, 0x00, 0x00, 0x79, 0x00, 0xCE, 0x06, 0x21, 0x23, 0x27, 0x22,
    0x53, 0x3D, 0xD3, 0x2B, 0xC0, 0xF1, 0xD9, 0x62, 0x70, 0x16, 0x00, 0x00,
    0xD9, 0x62, 0x70, 0x16, 0x80, 0x00, 0x4C, 0x06, 0x21, 0x23, 0x22, 0x21,
    0x26, 0x20, 0x8A, 0x2A, 0xF8, 0xF3, 0xB0, 0x65, 0x85, 0x0E, 0x00, 0x00,
    0xBD, 0x00, 0x41, 0x06, 0x7A, 0x5C, 0x85, 0x29, 0x23, 0x22, 0x21, 0x23,
    0xF6, 0xF0, 0x9B, 0x5E, 0x29, 0x08, 0x00, 0x00, 0x0F, 0x00, 0x69, 0x06,
    0x4B, 0xEC, 0x07, 0x00, 0x00, 0x00, 0xDB, 0x63, 0x19, 0x10, 0x00, 0x00,
    0x22, 0x21, 0x23, 0x22, 0x71, 0x00, 0x44, 0x06, 0x58, 0x80, 0x87, 0x36,
    0xCF, 0x0A, 0x3C, 0x62, 0x2A, 0x0D, 0x00, 0x00, 0x79, 0x00, 0xCE, 0x06,
    0x21, 0x23, 0x22, 0x21, 0x53, 0x3D, 0x33, 0x14, 0x40, 0x0E, 0xD9, 0x62,
    0x70, 0x16, 0x00, 0x00, 0x71, 0x00, 0x44, 0x06, 0x58, 0x80, 0x87, 0x36,
    0x23, 0x22, 0x21, 0x23, 0xCF, 0x0A, 0x3C, 0x62, 0x2A, 0x0D, 0x00, 0x00,
    0xBD, 0x00, 0x41, 0x06, 0x7A, 0x5C, 0x85, 0x16, 0x0A, 0x0F, 0x9B, 0x5E,
    0x29, 0x08, 0x00, 0x00, 0x22, 0x21, 0x23, 0x27, 0x79, 0x00, 0xCE, 0x06,
    0x53, 0x3D, 0x33, 0x14, 0x40, 0x0E, 0xD9, 0x62, 0x70, 0x16, 0x00, 0x00,
    0xD9, 0x62, 0x70, 0x16, 0x22, 0x21, 0x23, 0x22, 0xBD, 0x00, 0x41, 0x06,
    0x7A, 0x5C, 0x85, 0x16, 0x0A, 0x0F, 0x9B, 0x5E, 0x29, 0x08, 0x00, 0x00,
    0x80, 0x00, 0x4C, 0x06, 0x21, 0x23, 0x22, 0x21, 0x26, 0x20, 0x8A, 0x15,
    0x08, 0x0C, 0xB0, 0x65, 0x85, 0x0E, 0x00, 0x00, 0x28, 0x00, 0x14, 0x06,
    0xA8, 0x0A, 0xEB, 0x0C, 0x23, 0x22, 0x21, 0x23, 0xD4, 0x0B, 0xA5, 0x65,
    0xD8, 0xED, 0x00, 0x00, 0x60, 0x00, 0x44, 0x06, 0x01, 0x72, 0x00, 0x00,
    0x00, 0x00, 0xEE, 0x5D, 0xF3, 0xE5, 0x00, 0x00, 0x22, 0x21, 0x27, 0x22,
    0x60, 0x00, 0x2E, 0x06, 0x68, 0x2A, 0x0B, 0x00, 0xA8, 0x63, 0xFE, 0xE7,
    0x60, 0x00, 0x44, 0x06, 0x21, 0x27, 0x22, 0x21, 0x01, 0x72, 0x00, 0x00,
    0xEE, 0x5D, 0xF3, 0xE5, 0x98, 0x00, 0x14, 0x06, 0xA8, 0x0A, 0x2B, 0x33,
    0x23, 0x22, 0x21, 0x23, 0x2C, 0xF4, 0xA5, 0x65, 0xD8, 0xED, 0x00, 0x00,
    0x60, 0x00, 0x2E, 0x06, 0x68, 0x2A, 0x0B, 0x00, 0x00, 0x00, 0xA8, 0x63,
    0xFE, 0xE7, 0x00, 0x00, 0x27, 0x22, 0x21, 0x23, 0xA8, 0x63, 0xFE, 0xE7,
    0x98, 0x00, 0x14, 0x06, 0xA8, 0x0A, 0x2B, 0x33, 0x2C, 0xF4, 0xA5, 0x65,
    0xD8, 0xED, 0x00, 0x00, 0x22, 0x21, 0x26, 0x22, 0x28, 0x00, 0x14, 0x06,
    0xA8, 0x0A, 0xEB, 0x0C, 0xD4, 0x0B, 0xD8, 0xED, 0x41, 0x01, 0x4B, 0x04,
    0x21, 0x23, 0x22, 0x21, 0xF3, 0x93, 0x42, 0x1E, 0x55, 0x11, 0x2C, 0x4E,
    0xA4, 0x00, 0x00, 0x00, 0x69, 0x01, 0x7B, 0x04, 0x64, 0x81, 0xCF, 0x16,
    0x23, 0x22, 0x21, 0x23, 0xFA, 0x14, 0x2E, 0x4E, 0xC6, 0xFC, 0x00, 0x00,
    0x6E, 0x01, 0x13, 0x04, 0x00, 0xC9, 0xBF, 0x1B, 0xC6, 0x10, 0x15, 0x56,
    0x5B, 0x00, 0x00, 0x00, 0x22, 0x21, 0x23, 0x22, 0x69, 0x01, 0x7B, 0x04,
    0x64, 0x81, 0xCF, 0x16, 0xFA, 0x14, 0x2E, 0x4E, 0xC6, 0xFC, 0x00, 0x00,
    0xC7, 0x01, 0x84, 0x04, 0x21, 0x23, 0x22, 0x21, 0x80, 0x35, 0x00, 0x15,
    0x1F, 0x18, 0x73, 0x53, 0x4F, 0xF9, 0x00, 0x00, 0x6E, 0x01, 0x13, 0x04,
    0x00, 0xC9, 0xBF, 0x1B, 0x23, 0x27, 0x22, 0x21, 0xC6, 0x10, 0x15, 0x56,
    0x5B, 0x00, 0x00, 0x00, 0x15, 0x56, 0x5B, 0x00, 0xC7, 0x01, 0x84, 0x04,
    0x80, 0x35, 0x00, 0x15, 0x23, 0x22, 0x23, 0x22, 0x1F, 0x18, 0x73, 0x53,
    0x4F, 0xF9, 0x00, 0x00, 0xFC, 0x01, 0x5C, 0x04, 0x45, 0x18, 0xE2, 0x59,
    0x6A, 0xF9, 0x00, 0x00, 0x54, 0x01, 0xA6, 0x05, 0x21, 0x23, 0x22, 0x21,
    0xFE, 0xE8, 0x80, 0x1B, 0xFA, 0x06, 0xB5, 0x52, 0x7C, 0x1C, 0x00, 0x00,
    0x6D, 0x01, 0xEE, 0x05, 0xB6, 0x88, 0x22, 0x1C, 0x23, 0x22, 0x21, 0x23,
    0x01, 0x05, 0xB0, 0x50, 0x68, 0x13, 0x00, 0x00, 0x52, 0x01, 0xCE, 0x05,
    0x7C, 0xA3, 0x7B, 0x19, 0x1C, 0x07, 0xEC, 0x55, 0x75, 0x17, 0x00, 0x00,
    0x22, 0x21, 0x23, 0x22, 0x6D, 0x01, 0xEE, 0x05, 0xB6, 0x88, 0x22, 0x1C,
    0x01, 0x05, 0xB0, 0x50, 0x68, 0x13, 0x00, 0x00, 0x79, 0x01, 0xF8, 0x05,
    0x21, 0x23, 0x22, 0x21, 0x74, 0xA0, 0xCB, 0x19, 0xEC, 0x03, 0x96, 0x53,
    0x1E, 0x12, 0x00, 0x00, 0x52, 0x01, 0xCE, 0x05, 0x7C, 0xA3, 0x7B, 0x19,
    0x23, 0x27, 0x22, 0x21, 0x1C, 0x07, 0xEC, 0x55, 0x75, 0x17, 0x00, 0x00,
    0xEC, 0x55, 0x75, 0x17, 0x79, 0x01, 0xF8, 0x05, 0x74, 0xA0, 0xCB, 0x19,
    0x23, 0x22, 0x21, 0x23, 0xEC, 0x03, 0x96, 0x53, 0x1E, 0x12, 0x00, 0x00,
    0xA8, 0x01, 0xFB, 0x05, 0xE4, 0xD8, 0x08, 0x00, 0x00, 0x00, 0x0D, 0x57,
    0xC5, 0x11, 0x00, 0x00, 0x22, 0x21, 0x27, 0x22, 0x34, 0x02, 0x73, 0x04,
    0x5D, 0x9B, 0x07, 0x00, 0x21, 0x47, 0x1D, 0xF8, 0x34, 0x02, 0x83, 0x04,
    0x21, 0x23, 0x22, 0x21, 0x8C, 0xAF, 0x06, 0x30, 0xDF, 0xF2, 0x64, 0x48,
    0xB2, 0x00, 0x00, 0x00, 0x38, 0x02, 0x7E, 0x04, 0x2A, 0x5B, 0x55, 0x2C,
    0x23, 0x22, 0x21, 0x23, 0x19, 0xF6, 0x6B, 0x49, 0xAB, 0xF9, 0x00, 0x00,
    0x34, 0x02, 0x83, 0x04, 0x8C, 0xAF, 0x06, 0x30, 0xDF, 0xF2, 0x64, 0x48,
    0xB2, 0x00, 0x00, 0x00, 0x22, 0x21, 0x23, 0x22, 0x3E, 0x02, 0x86, 0x04,
    0xF3, 0x93, 0xC2, 0x21, 0xAB, 0xEE, 0x2C, 0x4E, 0xA4, 0x00, 0x00, 0x00,
    0x38, 0x02, 0x7E, 0x04, 0x21, 0x23, 0x27, 0x22, 0x2A, 0x5B, 0x55, 0x2C,
    0x19, 0xF6, 0x6B, 0x49, 0xAB, 0xF9, 0x00, 0x00, 0x6B, 0x49, 0xAB, 0xF9,
    0x3E, 0x02, 0x86, 0x04, 0x21, 0x23, 0x22, 0x21, 0xF3, 0x93, 0xC2, 0x21,
    0xAB, 0xEE, 0x2C, 0x4E, 0xA4, 0x00, 0x00, 0x00, 0x42, 0x02, 0x86, 0x04,
    0xF8, 0x52, 0x03, 0x28, 0x23, 0x22, 0x21, 0x23, 0xDE, 0xF0, 0x95, 0x4F,
    0x4E, 0xFC, 0x00, 0x00, 0xE7, 0x00, 0x63, 0x04, 0x2C, 0x08, 0x08, 0x00,
    0x00, 0x00, 0x68, 0x78, 0xDB, 0x0A, 0x00, 0x00, 0x22, 0x21, 0x23, 0x22,
    0xEC, 0x00, 0x5C, 0x04, 0x64, 0xB4, 0x49, 0x2D, 0x3C, 0xF5, 0xFA, 0x74,
    0xDF, 0x07, 0x00, 0x00, 0x0F, 0x00, 0x34, 0x04, 0x21, 0x23, 0x22, 0x21,
    0xC4, 0x49, 0x0C, 0x00, 0x00, 0x00, 0xC5, 0x73, 0x93, 0x12, 0x00, 0x00,
    0xEC, 0x00, 0x5C, 0x04, 0x64, 0xB4, 0x49, 0x2D, 0x23, 0x22, 0x21, 0x23,
    0x3C, 0xF5, 0xFA, 0x74, 0xDF, 0x07, 0x00, 0x00, 0x27, 0x01, 0x94, 0x04,
    0x54, 0x75, 0x8D, 0x2A, 0x92, 0xF3, 0x8F, 0x6F, 0xE1, 0x0D, 0x00, 0x00,
    0x22, 0x21, 0x23, 0x27, 0x0F, 0x00, 0x34, 0x04, 0xC4, 0x49, 0x0C, 0x00,
    0x00, 0x00, 0xC5, 0x73, 0x93, 0x12, 0x00, 0x00, 0xC5, 0x73, 0x93, 0x12,
    0x22, 0x21, 0x23, 0x22, 0x27, 0x01, 0x94, 0x04, 0x54, 0x75, 0x8D, 0x2A,
    0x92, 0xF3, 0x8F, 0x6F, 0xE1, 0x0D, 0x00, 0x00, 0x18, 0x01, 0x6C, 0x05,
    0x21, 0x23, 0x22, 0x21, 0xB8, 0xC9, 0x00, 0x30, 0xF8, 0xF3, 0xB0, 0x65,
    0x85, 0x0E, 0x00, 0x00, 0x9B, 0x07, 0xC1, 0x07, 0x73, 0x18, 0xA3, 0x1C,
    0x23, 0x22, 0x21, 0x23, 0xE5, 0x31, 0x8A, 0x34, 0xC6, 0x04, 0x00, 0x00,
    0xDD, 0x07, 0x5C, 0x07, 0x1A, 0x1B, 0x2D, 0x1A, 0x82, 0x28, 0xAA, 0x3A,
    0x7E, 0xF8, 0x00, 0x00, 0x22, 0x21, 0x23, 0x22, 0x80, 0x07, 0x86, 0x07,
    0xD4, 0xBC, 0x2F, 0x1D, 0xCE, 0x35, 0x7A, 0x36, 0x9D, 0xFF, 0x00, 0x00,
    0xDD, 0x07, 0x5C, 0x07, 0x21, 0x23, 0x22, 0x21, 0x1A, 0x1B, 0x2D, 0x1A,
    0x82, 0x28, 0xAA, 0x3A, 0x7E, 0xF8, 0x00, 0x00, 0xC0, 0x07, 0x03, 0x07,
    0x50, 0x1B, 0xAA, 0x12, 0x23, 0x22, 0x21, 0x23, 0x4D, 0x2D, 0x9B, 0x39,
    0xC6, 0xF4, 0x00, 0x00, 0x80, 0x07, 0x86, 0x07, 0xD4, 0xBC, 0x2F, 0x1D,
    0xCE, 0x35, 0x7A, 0x36, 0x9D, 0xFF, 0x00, 0x00, 0x27, 0x22, 0x21, 0x23,
    0x7A, 0x36, 0x9D, 0xFF, 0xC0, 0x07, 0x03, 0x07, 0x50, 0x1B, 0xAA, 0x12,
    0x4D, 0x2D, 0x9B, 0x39, 0xC6, 0xF4, 0x00, 0x00, 0x22, 0x21, 0x23, 0x22,
    0x80, 0x07, 0x0E, 0x07, 0x57, 0x60, 0x29, 0x11, 0xB4, 0x34, 0x4E, 0x39,
    0xA7, 0xF4, 0x00, 0x00, 0x01, 0x07, 0xB9, 0x07, 0x21, 0x23, 0x22, 0x21,
    0xC8, 0x78, 0x06, 0x0E, 0xDD, 0x33, 0x06, 0x38, 0xCB, 0x05, 0x00, 0x00,
    0x68, 0x06, 0xC9, 0x07, 0xC0, 0xF3, 0x96, 0x30, 0x23, 0x22, 0x21, 0x23,
    0x80, 0x30, 0x54, 0x44, 0xB8, 0x07, 0x00, 0x00, 0xDD, 0x06, 0xE0, 0x07,
    0x60, 0x6F, 0x87, 0x06, 0x89, 0x2D, 0xA2, 0x3A, 0x3E, 0x08, 0x00, 0x00,
    0x22, 0x21, 0x23, 0x22, 0x68, 0x06, 0xC9, 0x07, 0xC0, 0xF3, 0x96, 0x30,
    0x80, 0x30, 0x54, 0x44, 0xB8, 0x07, 0x00, 0x00, 0x63, 0x06, 0xEB, 0x07,
    0x21, 0x23, 0x22, 0x21, 0xA8, 0x8A, 0x85, 0x37, 0x90, 0x28, 0xEA, 0x41,
    0x8B, 0x03, 0x00, 0x00, 0xDD, 0x06, 0xE0, 0x07, 0x60, 0x6F, 0x87, 0x06,
    0x23, 0x27, 0x22, 0x21, 0x89, 0x2D, 0xA2, 0x3A, 0x3E, 0x08, 0x00, 0x00,
    0xA2, 0x3A, 0x3E, 0x08, 0x63, 0x06, 0xEB, 0x07, 0xA8, 0x8A, 0x85, 0x37,
    0x23, 0x22, 0x21, 0x23, 0x90, 0x28, 0xEA, 0x41, 0x8B, 0x03, 0x00, 0x00,
    0x99, 0x06, 0x00, 0x08, 0x40, 0x12, 0x73, 0x09, 0xB1, 0x28, 0xD4, 0x3A,
    0xDB, 0x00, 0x00, 0x00, 0x22, 0x21, 0x23, 0x22, 0x82, 0x06, 0x1B, 0x05,
    0x21, 0xF0, 0xBA, 0x18, 0xC4, 0x1A, 0x07, 0x3A, 0x90, 0xF8, 0x00, 0x00,
    0xC8, 0x06, 0x1C, 0x05, 0x21, 0x23, 0x22, 0x21, 0x20, 0xE4, 0x8A, 0x27,
    0xDD, 0x1A, 0x85, 0x39, 0xF5, 0xFE, 0x00, 0x00, 0x82, 0x06, 0x16, 0x05,
    0x18, 0x10, 0x84, 0x24, 0x23, 0x22, 0x21, 0x23, 0x6E, 0x1A, 0xFD, 0x39,
    0x90, 0xF8, 0x00, 0x00, 0xC8, 0x06, 0x1C, 0x05, 0x20, 0xE4, 0x8A, 0x27,
    0xDD, 0x1A, 0x85, 0x39, 0xF5, 0xFE, 0x00, 0x00, 0x22, 0x21, 0x23, 0x22,
    0xE6, 0x06, 0x62, 0x04, 0x60, 0xDF, 0x44, 0x17, 0x38, 0x11, 0x99, 0x39,
    0x0D, 0x02, 0x00, 0x00, 0x82, 0x06, 0x16, 0x05, 0x21, 0x23, 0x27, 0x22,
    0x18, 0x10, 0x84, 0x24, 0x6E, 0x1A, 0xFD, 0x39, 0x90, 0xF8, 0x00, 0x00,
    0xFD, 0x39, 0x90, 0xF8, 0xE6, 0x06, 0x62, 0x04, 0x21, 0x23, 0x22, 0x21,
    0x60, 0xDF, 0x44, 0x17, 0x38, 0x11, 0x99, 0x39, 0x0D, 0x02, 0x00, 0x00,
    0x84, 0x06, 0x5F, 0x04, 0xB4, 0x03, 0xAA, 0x14, 0x23, 0x22, 0x21, 0x23,
    0xEF, 0x10, 0x51, 0x39, 0x89, 0xF8, 0x00, 0x00, 0x42, 0x02, 0x86, 0x04,
    0xA2, 0x28, 0xA0, 0x21, 0x56, 0xEF, 0xA0, 0x50, 0x98, 0x08, 0x00, 0x00,
    0x22, 0x21, 0x23, 0x22, 0x3E, 0x02, 0x86, 0x04, 0xF3, 0x93, 0xC2, 0x21,
    0xAB, 0xEE, 0x2C, 0x4E, 0xA4, 0x00, 0x00, 0x00, 0x38, 0x02, 0x84, 0x04,
    0x21, 0x23, 0x22, 0x21, 0x37, 0x80, 0xD4, 0x25, 0x12, 0xF1, 0xCE, 0x49,
    0x2E, 0x06, 0x00, 0x00, 0x3E, 0x02, 0x86, 0x04, 0xF3, 0x93, 0xC2, 0x21,
    0x23, 0x22, 0x21, 0x23, 0xAB, 0xEE, 0x2C, 0x4E, 0xA4, 0x00, 0x00, 0x00,
    0x34, 0x02, 0x83, 0x04, 0x8C, 0xAF, 0x06, 0x30, 0xDF, 0xF2, 0x64, 0x48,
    0xB2, 0x00, 0x00, 0x00, 0x22, 0x21, 0x23, 0x27, 0x38, 0x02, 0x84, 0x04,
    0x37, 0x80, 0xD4, 0x25, 0x12, 0xF1, 0xCE, 0x49, 0x2E, 0x06, 0x00, 0x00,
    0xCE, 0x49, 0x2E, 0x06, 0x22, 0x21, 0x23, 0x22, 0x34, 0x02, 0x83, 0x04,
    0x8C, 0xAF, 0x06, 0x30, 0xDF, 0xF2, 0x64, 0x48, 0xB2, 0x00, 0x00, 0x00,
    0x32, 0x02, 0x7E, 0x04, 0x21, 0x23, 0x22, 0x21, 0x2E, 0xB0, 0xA6, 0x2E,
    0xF2, 0xF5, 0xDA, 0x45, 0x3B, 0x08, 0x00, 0x00, 0xDC, 0x01, 0x24, 0x04,
    0x80, 0x35, 0x00, 0x2B, 0x23, 0x22, 0x23, 0x22, 0xE6, 0xEA, 0xE7, 0x5B,
    0x93, 0xFC, 0x00, 0x00, 0xFB, 0x01, 0x5C, 0x04, 0xBB, 0xE7, 0xE2, 0x59,
    0x6A, 0xF9, 0x00, 0x00, 0x6E, 0x01, 0x13, 0x04, 0x21, 0x23, 0x22, 0x21,
    0x00, 0xC9, 0x5F, 0x24, 0x3A, 0xEF, 0x15, 0x56, 0x5B, 0x00, 0x00, 0x00,
    0xFB, 0x01, 0x5C, 0x04, 0x80, 0x35, 0x00, 0x2B, 0x23, 0x22, 0x23, 0x22,
    0xBB, 0xE7, 0xE2, 0x59, 0x6A, 0xF9, 0x00, 0x00, 0xC7, 0x01, 0x84, 0x04,
    0xE1, 0xE7, 0x73, 0x53, 0x4F, 0xF9, 0x00, 0x00, 0x6E, 0x01, 0x13, 0x04,
    0x21, 0x23, 0x27, 0x22, 0x00, 0xC9, 0x5F, 0x24, 0x3A, 0xEF, 0x15, 0x56,
    0x5B, 0x00, 0x00, 0x00, 0x15, 0x56, 0x5B, 0x00, 0xC7, 0x01, 0x84, 0x04,
    0x21, 0x23, 0x22, 0x21, 0x80, 0x35, 0x00, 0x2B, 0xE1, 0xE7, 0x73, 0x53,
    0x4F, 0xF9, 0x00, 0x00, 0x69, 0x01, 0x7B, 0x04, 0x64, 0x81, 0x4F, 0x29,
    0x23, 0x22, 0x21, 0x23, 0x06, 0xEB, 0x2E, 0x4E, 0xC6, 0xFC, 0x00, 0x00,
    0xA1, 0x03, 0x84, 0x05, 0x4C, 0xA0, 0x88, 0x0B, 0xD8, 0x09, 0x4B, 0x38,
    0x23, 0xF3, 0x00, 0x00, 0x22, 0x21, 0x23, 0x22, 0x10, 0x04, 0xF9, 0x05,
    0xFC, 0x0B, 0xCC, 0x1B, 0xDB, 0x11, 0xFB, 0x31, 0xA6, 0xF8, 0x00, 0x00,
    0xA2, 0x03, 0x3E, 0x06, 0x21, 0x23, 0x22, 0x21, 0xC5, 0xB3, 0x88, 0x0C,
    0xEF, 0x09, 0xDA, 0x2C, 0x7D, 0xF1, 0x00, 0x00, 0x10, 0x04, 0xF9, 0x05,
    0xFC, 0x0B, 0xCC, 0x1B, 0x23, 0x22, 0x21, 0x23, 0xDB, 0x11, 0xFB, 0x31,
    0xA6, 0xF8, 0x00, 0x00, 0x01, 0x04, 0x71, 0x06, 0xB8, 0xA7, 0x7B, 0x1A,
    0x9B, 0x10, 0x95, 0x29, 0xC4, 0xF8, 0x00, 0x00, 0x22, 0x21, 0x23, 0x27,
    0xA2, 0x03, 0x3E, 0x06, 0xC5, 0xB3, 0x88, 0x0C, 0xEF, 0x09, 0xDA, 0x2C,
    0x7D, 0xF1, 0x00, 0x00, 0xDA, 0x2C, 0x7D, 0xF1, 0x22, 0x21, 0x23, 0x22,
    0x01, 0x04, 0x71, 0x06, 0xB8, 0xA7, 0x7B, 0x1A, 0x9B, 0x10, 0x95, 0x29,
    0xC4, 0xF8, 0x00, 0x00, 0xBB, 0x03, 0xA9, 0x06, 0x21, 0x23, 0x22, 0x21,
    0x4C, 0x13, 0x39, 0x0B, 0x8B, 0x0A, 0xB2, 0x25, 0x75, 0xF4, 0x00, 0x00,
    0xB6, 0x07, 0x7E, 0x06, 0xF5, 0x1B, 0x84, 0x24, 0x23, 0x22, 0x21, 0x23,
    0xEA, 0xFE, 0x13, 0x15, 0x6D, 0x03, 0x00, 0x00, 0x58, 0x07, 0x6C, 0x06,
    0x23, 0x90, 0x47, 0x0A, 0x66, 0xF6, 0x6C, 0x15, 0x0B, 0x08, 0x00, 0x00,
    0x22, 0x21, 0x23, 0x22, 0x58, 0x07, 0xB0, 0x06, 0xC0, 0x33, 0x08, 0x3B,
    0x85, 0xF6, 0x2D, 0x15, 0x0E, 0x08, 0x00, 0x00, 0x58, 0x07, 0x6C, 0x06,
    0x21, 0x23, 0x22, 0x21, 0x23, 0x90, 0x47, 0x0A, 0x66, 0xF6, 0x6C, 0x15,
    0x0B, 0x08, 0x00, 0x00, 0xED, 0x06, 0x76, 0x06, 0x07, 0xD0, 0xC0, 0x1F,
    0x23, 0x22, 0x21, 0x23, 0xA5, 0xEE, 0xA3, 0x15, 0x81, 0xFE, 0x00, 0x00,
    0x58, 0x07, 0xB0, 0x06, 0xC0, 0x33, 0x08, 0x3B, 0x85, 0xF6, 0x2D, 0x15,
    0x0E, 0x08, 0x00, 0x00, 0x27, 0x22, 0x21, 0x23, 0x2D, 0x15, 0x0E, 0x08,
    0xED, 0x06, 0x76, 0x06, 0x07, 0xD0, 0xC0, 0x1F, 0xA5, 0xEE, 0xA3, 0x15,
    0x81, 0xFE, 0x00, 0x00, 0x22, 0x21, 0x23, 0x22, 0x03, 0x07, 0xF6, 0x06,
    0xE0, 0x00, 0x8F, 0x23, 0xC5, 0xED, 0xC1, 0x08, 0xAA, 0x01, 0x00, 0x00,
    0x53, 0x07, 0x80, 0x07, 0x21, 0x24, 0x22, 0x21, 0xF4, 0x31, 0xE0, 0x06,
    0xEF, 0xD0, 0x03, 0x00, 0x5C, 0x07, 0xCE, 0x07, 0x68, 0x4D, 0x45, 0x08,
    0x23, 0x22, 0x21, 0x23, 0x34, 0x3A, 0x85, 0x3C, 0xFB, 0x06, 0x00, 0x00,
    0x80, 0x07, 0x86, 0x07, 0xD4, 0xBC, 0x2F, 0x1D, 0xCE, 0x35, 0x7A, 0x36,
    0x9D, 0xFF, 0x00, 0x00, 0x22, 0x21, 0x23, 0x22, 0x5C, 0x07, 0xCE, 0x07,
    0x68, 0x4D, 0x45, 0x08, 0x34, 0x3A, 0x85, 0x3C, 0xFB, 0x06, 0x00, 0x00,
    0x7C, 0x07, 0xB9, 0x07, 0x21, 0x23, 0x22, 0x21, 0xC8, 0x78, 0x06, 0x0E,
    0xDD, 0x33, 0x06, 0x38, 0xCB, 0x05, 0x00, 0x00, 0x80, 0x07, 0x86, 0x07,
    0xD4, 0xBC, 0x2F, 0x1D, 0x23, 0x27, 0x22, 0x21, 0xCE, 0x35, 0x7A, 0x36,
    0x9D, 0xFF, 0x00, 0x00, 0x7A, 0x36, 0x9D, 0xFF, 0x7C, 0x07, 0xB9, 0x07,
    0xC8, 0x78, 0x06, 0x0E, 0x23, 0x22, 0x21, 0x23, 0xDD, 0x33, 0x06, 0x38,
    0xCB, 0x05, 0x00, 0x00, 0x9B, 0x07, 0xC1, 0x07, 0x73, 0x18, 0xA3, 0x1C,
    0xE5, 0x31, 0x8A, 0x34, 0xC6, 0x04, 0x00, 0x00, 0x22, 0x21, 0x23, 0x22,
    0x18, 0x01, 0x6C, 0x05, 0xB8, 0xC9, 0x00, 0x30, 0xF8, 0xF3, 0xB0, 0x65,
    0x85, 0x0E, 0x00, 0x00, 0x0F, 0x00, 0x1C, 0x05, 0x21, 0x23, 0x22, 0x21,
    0xFF, 0x59, 0x00, 0x00, 0x00, 0x00, 0x8A, 0x69, 0x2B, 0x12, 0x00, 0x00,
    0x0F, 0x00, 0x34, 0x04, 0xC4, 0x49, 0x0C, 0x00, 0x27, 0x22, 0x21, 0x27,
    0xC5, 0x73, 0x93, 0x12, 0x0F, 0x00, 0x1C, 0x05, 0xFF, 0x59, 0x00, 0x00,
    0x8A, 0x69, 0x2B, 0x12, 0x22, 0x21, 0x23, 0x22, 0x18, 0x01, 0x6C, 0x05,
    0xB8, 0xC9, 0x00, 0x10, 0x08, 0x0C, 0xB0, 0x65, 0x85, 0x0E, 0x00, 0x00,
    0x0F, 0x00, 0x34, 0x04, 0x21, 0x23, 0x27, 0x22, 0xC4, 0x49, 0x0C, 0x00,
    0x00, 0x00, 0xC5, 0x73, 0x93, 0x12, 0x00, 0x00, 0xC5, 0x73, 0x93, 0x12,
    0x18, 0x01, 0x6C, 0x05, 0x21, 0x23, 0x22, 0x21, 0xB8, 0xC9, 0x00, 0x10,
    0x08, 0x0C, 0xB0, 0x65, 0x85, 0x0E, 0x00, 0x00, 0x27, 0x01, 0x94, 0x04,
    0x54, 0x75, 0x8D, 0x15, 0x23, 0x22, 0x21, 0x23, 0x6E, 0x0C, 0x8F, 0x6F,
    0xE1, 0x0D, 0x00, 0x00, 0x06, 0x07, 0x01, 0x07, 0xB3, 0xF0, 0xA9, 0x11,
    0x7E, 0xC8, 0x2E, 0x43, 0x7D, 0xF3, 0x00, 0x00, 0x22, 0x21, 0x23, 0x22,
    0x4B, 0x07, 0x10, 0x07, 0xBA, 0x95, 0x6C, 0x37, 0xF2, 0xC5, 0x97, 0x3C,
    0x43, 0xF5, 0x00, 0x00, 0xF1, 0x06, 0x79, 0x07, 0x21, 0x23, 0x22, 0x21,
    0x5B, 0x5D, 0x80, 0x17, 0x0B, 0xC7, 0x0B, 0x46, 0x61, 0xFF, 0x00, 0x00,
    0x4B, 0x07, 0x10, 0x07, 0xBA, 0x95, 0x6C, 0x37, 0x23, 0x22, 0x21, 0x24,
    0xF2, 0xC5, 0x97, 0x3C, 0x43, 0xF5, 0x00, 0x00, 0x48, 0x07, 0x80, 0x07,
    0xF4, 0x31, 0x20, 0x39, 0x11, 0xD3, 0x03, 0x00, 0x22, 0x21, 0x23, 0x27,
    0xF1, 0x06, 0x79, 0x07, 0x5B, 0x5D, 0x80, 0x17, 0x0B, 0xC7, 0x0B, 0x46,
    0x61, 0xFF, 0x00, 0x00, 0x0B, 0x46, 0x61, 0xFF, 0x22, 0x21, 0x24, 0x22,
    0x48, 0x07, 0x80, 0x07, 0xF4, 0x31, 0x20, 0x39, 0x11, 0xD3, 0x03, 0x00,
    0x51, 0x07, 0xC9, 0x07, 0x21, 0x23, 0x22, 0x21, 0x68, 0x4D, 0xC5, 0x37,
    0xCC, 0xC5, 0x85, 0x3C, 0xFB, 0x06, 0x00, 0x00, 0x0B, 0x05, 0x09, 0x06,
    0xD9, 0x1F, 0x86, 0x2B, 0x23, 0x22, 0x21, 0x23, 0x04, 0xF3, 0x99, 0x30,
    0x75, 0x0D, 0x00, 0x00, 0x66, 0x05, 0x86, 0x06, 0x8D, 0x53, 0x41, 0x21,
    0x6A, 0xED, 0x49, 0x28, 0x2E, 0x03, 0x00, 0x00, 0x22, 0x21, 0x23, 0x22,
    0xFB, 0x04, 0xBC, 0x06, 0xE0, 0x92, 0xD5, 0x31, 0xD1, 0xF5, 0x73, 0x25,
    0x20, 0x0B, 0x00, 0x00, 0x66, 0x05, 0x86, 0x06, 0x21, 0x23, 0x22, 0x21,
    0x8D, 0x53, 0x41, 0x21, 0x6A, 0xED, 0x49, 0x28, 0x2E, 0x03, 0x00, 0x00,
    0x72, 0x05, 0xDC, 0x06, 0x86, 0x60, 0xC3, 0x1B, 0x23, 0x22, 0x21, 0x23,
    0xFC, 0xEE, 0x85, 0x24, 0x14, 0x02, 0x00, 0x00, 0xFB, 0x04, 0xBC, 0x06,
    0xE0, 0x92, 0xD5, 0x31, 0xD1, 0xF5, 0x73, 0x25, 0x20, 0x0B, 0x00, 0x00,
    0x27, 0x22, 0x21, 0x23, 0x73, 0x25, 0x20, 0x0B, 0x72, 0x05, 0xDC, 0x06,
    0x86, 0x60, 0xC3, 0x1B, 0xFC, 0xEE, 0x85, 0x24, 0x14, 0x02, 0x00, 0x00,
    0x22, 0x21, 0x23, 0x22, 0xF7, 0x04, 0xD9, 0x06, 0x9C, 0x90, 0x07, 0x03,
    0x09, 0xF6, 0x0C, 0x22, 0x88, 0x08, 0x00, 0x00, 0xE2, 0x05, 0x49, 0x06,
    0x21, 0x23, 0x22, 0x21, 0xFC, 0x0B, 0x4C, 0x24, 0x25, 0xEE, 0xFB, 0x31,
    0xA6, 0xF8, 0x00, 0x00, 0xDC, 0x05, 0xA3, 0x06, 0xB8, 0xA7, 0x9B, 0x25,
    0x23, 0x22, 0x21, 0x23, 0x65, 0xEF, 0x95, 0x29, 0xC4, 0xF8, 0x00, 0x00,
    0x66, 0x05, 0x86, 0x06, 0x8D, 0x53, 0x41, 0x21, 0x6A, 0xED, 0x49, 0x28,
    0x2E, 0x03, 0x00, 0x00, 0x22, 0x21, 0x23, 0x22, 0xDC, 0x05, 0xA3, 0x06,
    0xB8, 0xA7, 0x9B, 0x25, 0x65, 0xEF, 0x95, 0x29, 0xC4, 0xF8, 0x00, 0x00,
    0xD4, 0x05, 0xF6, 0x06, 0x21, 0x23, 0x22, 0x21, 0x33, 0x10, 0xAC, 0x1B,
    0xC7, 0xEF, 0x52, 0x24, 0x1E, 0xF9, 0x00, 0x00, 0x66, 0x05, 0x86, 0x06,
    0x8D, 0x53, 0x41, 0x21, 0x23, 0x27, 0x22, 0x21, 0x6A, 0xED, 0x49, 0x28,
    0x2E, 0x03, 0x00, 0x00, 0x49, 0x28, 0x2E, 0x03, 0xD4, 0x05, 0xF6, 0x06,
    0x33, 0x10, 0xAC, 0x1B, 0x23, 0x22, 0x21, 0x23, 0xC7, 0xEF, 0x52, 0x24,
    0x1E, 0xF9, 0x00, 0x00, 0x72, 0x05, 0xDC, 0x06, 0x86, 0x60, 0xC3, 0x1B,
    0xFC, 0xEE, 0x85, 0x24, 0x14, 0x02, 0x00, 0x00, 0x22, 0x21, 0x23, 0x22,
    0x98, 0x06, 0x91, 0x06, 0xF3, 0xD3, 0xA6, 0x10, 0xBA, 0x0E, 0xD4, 0x13,
    0x20, 0xF5, 0x00, 0x00, 0x96, 0x06, 0x6E, 0x06, 0x21, 0x23, 0x22, 0x21,
    0xE3, 0x3B, 0x29, 0x2F, 0x8C, 0x0E, 0x03, 0x18, 0x06, 0xF5, 0x00, 0x00,
    0xED, 0x06, 0x76, 0x06, 0x07, 0xD0, 0x40, 0x20, 0x23, 0x22, 0x21, 0x23,
    0x5B, 0x11, 0xA3, 0x15, 0x81, 0xFE, 0x00, 0x00, 0x96, 0x06, 0x6E, 0x06,
    0xE3, 0x3B, 0x29, 0x2F, 0x8C, 0x0E, 0x03, 0x18, 0x06, 0xF5, 0x00, 0x00,
    0x22, 0x21, 0x23, 0x22, 0xC2, 0x06, 0xFB, 0x05, 0x33, 0x10, 0x6C, 0x24,
    0x39, 0x10, 0x52, 0x24, 0x1E, 0xF9, 0x00, 0x00, 0xED, 0x06, 0x76, 0x06,
    0x21, 0x23, 0x27, 0x22, 0x07, 0xD0, 0x40, 0x20, 0x5B, 0x11, 0xA3, 0x15,
    0x81, 0xFE, 0x00, 0x00, 0xA3, 0x15, 0x81, 0xFE, 0xC2, 0x06, 0xFB, 0x05,
    0x21, 0x23, 0x22, 0x21, 0x33, 0x10, 0x6C, 0x24, 0x39, 0x10, 0x52, 0x24,
    0x1E, 0xF9, 0x00, 0x00, 0x03, 0x07, 0xF4, 0x05, 0x86, 0x60, 0x43, 0x24,
    0x23, 0x22, 0x21, 0x23, 0x04, 0x11, 0x85, 0x24, 0x14, 0x02, 0x00, 0x00,
    0xCD, 0x02, 0x93, 0x07, 0xAE, 0x01, 0x72, 0x0F, 0x81, 0x07, 0x27, 0x4B,
    0xCF, 0x11, 0x00, 0x00, 0x22, 0x21, 0x23, 0x22, 0x98, 0x02, 0xDE, 0x07,
    0x20, 0x09, 0xF6, 0x0A, 0xC5, 0x03, 0x33, 0x44, 0x36, 0x10, 0x00, 0x00,
    0xEB, 0x02, 0xBE, 0x07, 0x21, 0x23, 0x22, 0x21, 0xF6, 0xEC, 0x43, 0x17,
    0xA5, 0x0C, 0x5A, 0x49, 0xE5, 0x0C, 0x00, 0x00, 0x98, 0x02, 0xDE, 0x07,
    0x20, 0x09, 0xF6, 0x0A, 0x23, 0x22, 0x21, 0x23, 0xC5, 0x03, 0x33, 0x44,
    0x36, 0x10, 0x00, 0x00, 0xF1, 0x02, 0xD8, 0x07, 0x2E, 0xB0, 0x66, 0x11,
    0x0E, 0x0A, 0xDA, 0x45, 0x3B, 0x08, 0x00, 0x00, 0x22, 0x21, 0x23, 0x27,
    0xEB, 0x02, 0xBE, 0x07, 0xF6, 0xEC, 0x43, 0x17, 0xA5, 0x0C, 0x5A, 0x49,
    0xE5, 0x0C, 0x00, 0x00, 0x5A, 0x49, 0xE5, 0x0C, 0x22, 0x21, 0x23, 0x22,
    0xF1, 0x02, 0xD8, 0x07, 0x2E, 0xB0, 0x66, 0x11, 0x0E, 0x0A, 0xDA, 0x45,
    0x3B, 0x08, 0x00, 0x00, 0x36, 0x03, 0xB1, 0x07, 0x21, 0x23, 0x22, 0x21,
    0x37, 0x80, 0x34, 0x1A, 0xEE, 0x0E, 0xCE, 0x49, 0x2E, 0x06, 0x00, 0x00,
    0x83, 0x06, 0x5E, 0x04, 0xB4, 0x03, 0x6A, 0x2B, 0x23, 0x22, 0x21, 0x23,
    0x11, 0xEF, 0x51, 0x39, 0x89, 0xF8, 0x00, 0x00, 0xE7, 0x06, 0x63, 0x04,
    0x60, 0xDF, 0xC4, 0x28, 0xC8, 0xEE, 0x99, 0x39, 0x0D, 0x02, 0x00, 0x00,
    0x22, 0x21, 0x23, 0x22, 0x82, 0x06, 0x16, 0x05, 0x18, 0x10, 0x84, 0x1B,
    0x92, 0xE5, 0xFD, 0x39, 0x90, 0xF8, 0x00, 0x00, 0xE7, 0x06, 0x63, 0x04,
    0x21, 0x23, 0x22, 0x21, 0x60, 0xDF, 0xC4, 0x28, 0xC8, 0xEE, 0x99, 0x39,
    0x0D, 0x02, 0x00, 0x00, 0xC8, 0x06, 0x1C, 0x05, 0x20, 0xE4, 0x8A, 0x18,
    0x23, 0x22, 0x21, 0x23, 0x23, 0xE5, 0x85, 0x39, 0xF5, 0xFE, 0x00, 0x00,
    0x82, 0x06, 0x16, 0x05, 0x18, 0x10, 0x84, 0x1B, 0x92, 0xE5, 0xFD, 0x39,
    0x90, 0xF8, 0x00, 0x00, 0x27, 0x22, 0x21, 0x23, 0xFD, 0x39, 0x90, 0xF8,
    0xC8, 0x06, 0x1C, 0x05, 0x20, 0xE4, 0x8A, 0x18, 0x23, 0xE5, 0x85, 0x39,
    0xF5, 0xFE, 0x00, 0x00, 0x22, 0x21, 0x23, 0x22, 0x82, 0x06, 0x1C, 0x05,
    0x21, 0xF0, 0x5A, 0x27, 0x3C, 0xE5, 0x07, 0x3A, 0x90, 0xF8, 0x00, 0x00,
    0x83, 0x06, 0x5E, 0x04, 0x21, 0x23, 0x22, 0x21, 0xB4, 0x03, 0x6A, 0x2B,
    0x11, 0xEF, 0x51, 0x39, 0x89, 0xF8, 0x00, 0x00, 0x38, 0x06, 0x4C, 0x04,
    0x06, 0x10, 0x27, 0x31, 0x23, 0x22, 0x21, 0x26, 0x84, 0xF0, 0xB3, 0x41,
    0x6B, 0xF6, 0x00, 0x00, 0x38, 0x06, 0x05, 0x04, 0x24, 0xA1, 0xE9, 0x39,
    0xEF, 0xF5, 0x6C, 0xF6, 0x22, 0x21, 0x26, 0x22, 0x38, 0x06, 0x4C, 0x04,
    0x06, 0x10, 0x27, 0x31, 0x84, 0xF0, 0x6B, 0xF6, 0xF2, 0x05, 0x4C, 0x04,
    0x21, 0x23, 0x22, 0x21, 0xEB, 0x43, 0x81, 0x20, 0x6A, 0xF0, 0x58, 0x46,
    0x9A, 0xFC, 0x00, 0x00, 0x38, 0x06, 0x05, 0x04, 0x24, 0xA1, 0xE9, 0x39,
    0x23, 0x27, 0x22, 0x21, 0xEF, 0xF5, 0xB3, 0x41, 0x6C, 0xF6, 0x00, 0x00,
    0xB3, 0x41, 0x6C, 0xF6, 0xF2, 0x05, 0x4C, 0x04, 0xEB, 0x43, 0x81, 0x20,
    0x23, 0x22, 0x21, 0x23, 0x6A, 0xF0, 0x58, 0x46, 0x9A, 0xFC, 0x00, 0x00,
    0xF2, 0x05, 0x10, 0x04, 0xFF, 0x45, 0xD0, 0x3F, 0x10, 0xF5, 0xD1, 0x45,
    0x9D, 0xFC, 0x00, 0x00, 0x22, 0x21, 0x23, 0x22, 0xF2, 0x05, 0x4C, 0x04,
    0xEB, 0x43, 0x81, 0x20, 0x6A, 0xF0, 0x58, 0x46, 0x9A, 0xFC, 0x00, 0x00,
    0x38, 0x06, 0x4C, 0x04, 0x21, 0x23, 0x22, 0x21, 0x06, 0x10, 0x27, 0x31,
    0x84, 0xF0, 0xB3, 0x41, 0x6B, 0xF6, 0x00, 0x00, 0xF2, 0x05, 0x28, 0x05,
    0x02, 0x04, 0x4F, 0x20, 0x23, 0x22, 0x21, 0x23, 0x41, 0xE4, 0x3D, 0x46,
    0x39, 0xFD, 0x00, 0x00, 0x38, 0x06, 0x4C, 0x04, 0x06, 0x10, 0x27, 0x31,
    0x84, 0xF0, 0xB3, 0x41, 0x6B, 0xF6, 0x00, 0x00, 0x22, 0x21, 0x23, 0x22,
    0x39, 0x06, 0x1C, 0x05, 0x08, 0x78, 0x87, 0x34, 0x19, 0xE5, 0xD1, 0x41,
    0x8E, 0xF6, 0x00, 0x00, 0xF2, 0x05, 0x28, 0x05, 0x21, 0x23, 0x27, 0x22,
    0x02, 0x04, 0x4F, 0x20, 0x41, 0xE4, 0x3D, 0x46, 0x39, 0xFD, 0x00, 0x00,
    0x3D, 0x46, 0x39, 0xFD, 0x39, 0x06, 0x1C, 0x05, 0x21, 0x23, 0x22, 0x21,
    0x08, 0x78, 0x87, 0x34, 0x19, 0xE5, 0xD1, 0x41, 0x8E, 0xF6, 0x00, 0x00,
    0x39, 0x06, 0x23, 0x05, 0x06, 0x84, 0x48, 0x0B, 0x23, 0x22, 0x21, 0x23,
    0xB5, 0xE4, 0xCF, 0x41, 0x90, 0xF6, 0x00, 0x00, 0xC4, 0x02, 0xA9, 0x06,
    0x4C, 0x13, 0xD9, 0x34, 0x75, 0xF5, 0xB2, 0x25, 0x75, 0xF4, 0x00, 0x00,
    0x22, 0x21, 0x23, 0x22, 0xDD, 0x02, 0x3E, 0x06, 0xC5, 0xB3, 0x88, 0x33,
    0x11, 0xF6, 0xDA, 0x2C, 0x7D, 0xF1, 0x00, 0x00, 0x40, 0x03, 0xC6, 0x06,
    0x21, 0x23, 0x22, 0x21, 0xDC, 0x72, 0x09, 0x00, 0x00, 0x00, 0xB3, 0x23,
    0x2E, 0xF3, 0x00, 0x00, 0xDD, 0x02, 0x3E, 0x06, 0xC5, 0xB3, 0x88, 0x33,
    0x23, 0x22, 0x21, 0x26, 0x11, 0xF6, 0xDA, 0x2C, 0x7D, 0xF1, 0x00, 0x00,
    0xA2, 0x03, 0x3E, 0x06, 0xC5, 0xB3, 0x88, 0x0C, 0xEF, 0x09, 0x7D, 0xF1,
    0x22, 0x21, 0x23, 0x27, 0x40, 0x03, 0xC6, 0x06, 0xDC, 0x72, 0x09, 0x00,
    0x00, 0x00, 0xB3, 0x23, 0x2E, 0xF3, 0x00, 0x00, 0xB3, 0x23, 0x2E, 0xF3,
    0x22, 0x21, 0x23, 0x22, 0xA2, 0x03, 0x3E, 0x06, 0xC5, 0xB3, 0x88, 0x0C,
    0xEF, 0x09, 0xDA, 0x2C, 0x7D, 0xF1, 0x00, 0x00, 0xBB, 0x03, 0xA9, 0x06,
    0x21, 0x23, 0x22, 0x21, 0x4C, 0x13, 0x39, 0x0B, 0x8B, 0x0A, 0xB2, 0x25,
    0x75, 0xF4, 0x00, 0x00, 0x96, 0x06, 0x6E, 0x06, 0xE3, 0x3B, 0xE9, 0x10,
    0x23, 0x22, 0x21, 0x23, 0x74, 0xF1, 0x03, 0x18, 0x06, 0xF5, 0x00, 0x00,
    0x98, 0x06, 0x91, 0x06, 0xF3, 0xD3, 0x66, 0x2F, 0x46, 0xF1, 0xD5, 0x13,
    0x20, 0xF5, 0x00, 0x00, 0x22, 0x21, 0x23, 0x22, 0xED, 0x06, 0x76, 0x06,
    0x07, 0xD0, 0xC0, 0x1F, 0xA5, 0xEE, 0xA3, 0x15, 0x81, 0xFE, 0x00, 0x00,
    0x98, 0x06, 0x91, 0x06, 0x21, 0x23, 0x22, 0x21, 0xF3, 0xD3, 0x66, 0x2F,
    0x46, 0xF1, 0xD5, 0x13, 0x20, 0xF5, 0x00, 0x00, 0xB1, 0x06, 0xF6, 0x06,
    0xF4, 0x12, 0xC0, 0x24, 0x23, 0x22, 0x21, 0x23, 0x7F, 0xEF, 0x11, 0x08,
    0x69, 0xF7, 0x00, 0x00, 0xED, 0x06, 0x76, 0x06, 0x07, 0xD0, 0xC0, 0x1F,
    0xA5, 0xEE, 0xA3, 0x15, 0x81, 0xFE, 0x00, 0x00, 0x27, 0x22, 0x21, 0x23,
    0xA3, 0x15, 0x81, 0xFE, 0xB1, 0x06, 0xF6, 0x06, 0xF4, 0x12, 0xC0, 0x24,
    0x7F, 0xEF, 0x11, 0x08, 0x69, 0xF7, 0x00, 0x00, 0x22, 0x21, 0x23, 0x22,
    0x03, 0x07, 0xF6, 0x06, 0xE0, 0x00, 0x8F, 0x23, 0xC5, 0xED, 0xC1, 0x08,
    0xAA, 0x01, 0x00, 0x00, 0xC2, 0x06, 0xFB, 0x05, 0x21, 0x23, 0x22, 0x21,
    0x33, 0x10, 0x6C, 0x24, 0x39, 0x10, 0x52, 0x24, 0x1E, 0xF9, 0x00, 0x00,
    0x96, 0x06, 0x6E, 0x06, 0xE3, 0x3B, 0x29, 0x2F, 0x23, 0x22, 0x21, 0x23,
    0x8C, 0x0E, 0x03, 0x18, 0x06, 0xF5, 0x00, 0x00, 0x53, 0x06, 0x19, 0x06,
    0xF4, 0x03, 0x88, 0x00, 0xA9, 0x08, 0x25, 0x21, 0x14, 0xF5, 0x00, 0x00,
    0x22, 0x21, 0x23, 0x22, 0x96, 0x06, 0x6E, 0x06, 0xE3, 0x3B, 0x29, 0x2F,
    0x8C, 0x0E, 0x03, 0x18, 0x06, 0xF5, 0x00, 0x00, 0xEC, 0x05, 0x76, 0x06,
    0x21, 0x23, 0x22, 0x21, 0x15, 0xC8, 0x3A, 0x18, 0x8A, 0x01, 0x6D, 0x17,
    0x04, 0xF6, 0x00, 0x00, 0x53, 0x06, 0x19, 0x06, 0xF4, 0x03, 0x88, 0x00,
    0x23, 0x27, 0x22, 0x21, 0xA9, 0x08, 0x25, 0x21, 0x14, 0xF5, 0x00, 0x00,
    0x25, 0x21, 0x14, 0xF5, 0xEC, 0x05, 0x76, 0x06, 0x15, 0xC8, 0x3A, 0x18,
    0x23, 0x22, 0x21, 0x23, 0x8A, 0x01, 0x6D, 0x17, 0x04, 0xF6, 0x00, 0x00,
    0xEB, 0x05, 0x2B, 0x06, 0x5D, 0x73, 0x08, 0x00, 0x00, 0x00, 0x9C, 0x20,
    0xB1, 0xF8, 0x00, 0x00, 0x22, 0x21, 0x23, 0x22, 0x22, 0x07, 0xE9, 0x07,
    0xC9, 0x02, 0xA3, 0x29, 0xA1, 0xD3, 0x02, 0x35, 0x4D, 0x05, 0x00, 0x00,
    0x99, 0x06, 0x00, 0x08, 0x21, 0x23, 0x22, 0x21, 0x40, 0x12, 0x93, 0x36,
    0x4F, 0xD7, 0xD4, 0x3A, 0xDB, 0x00, 0x00, 0x00, 0xDD, 0x06, 0xE0, 0x07,
    0x60, 0x6F, 0x87, 0x39, 0x23, 0x22, 0x21, 0x23, 0x77, 0xD2, 0xA2, 0x3A,
    0x3E, 0x08, 0x00, 0x00, 0x99, 0x06, 0x00, 0x08, 0x40, 0x12, 0x93, 0x36,
    0x4F, 0xD7, 0xD4, 0x3A, 0xDB, 0x00, 0x00, 0x00, 0x22, 0x21, 0x23, 0x22,
    0x63, 0x06, 0xEB, 0x07, 0xA8, 0x8A, 0x85, 0x08, 0x70, 0xD7, 0xEA, 0x41,
    0x8B, 0x03, 0x00, 0x00, 0xDD, 0x06, 0xE0, 0x07, 0x21, 0x23, 0x27, 0x22,
    0x60, 0x6F, 0x87, 0x39, 0x77, 0xD2, 0xA2, 0x3A, 0x3E, 0x08, 0x00, 0x00,
    0xA2, 0x3A, 0x3E, 0x08, 0x63, 0x06, 0xEB, 0x07, 0x21, 0x23, 0x22, 0x21,
    0xA8, 0x8A, 0x85, 0x08, 0x70, 0xD7, 0xEA, 0x41, 0x8B, 0x03, 0x00, 0x00,
    0x68, 0x06, 0xC9, 0x07, 0xC0, 0xF3, 0x76, 0x0F, 0x23, 0x22, 0x21, 0x23,
    0x80, 0xCF, 0x54, 0x44, 0xB8, 0x07, 0x00, 0x00, 0x8C, 0x06, 0x13, 0x07,
    0xE8, 0x7A, 0xE9, 0x05, 0x69, 0xD7, 0x9B, 0x41, 0x88, 0xF6, 0x00, 0x00,
    0x22, 0x21, 0x23, 0x22, 0xB3, 0x06, 0x10, 0x07, 0x98, 0xAB, 0xF8, 0x0A,
    0x6D, 0xD0, 0x2F, 0x43, 0x3C, 0xF3, 0x00, 0x00, 0x88, 0x06, 0x41, 0x07,
    0x21, 0x23, 0x22, 0x21, 0x9E, 0x53, 0x4F, 0x1F, 0x7C, 0xD7, 0x22, 0x46,
    0x04, 0xFD, 0x00, 0x00, 0xB3, 0x06, 0x10, 0x07, 0x98, 0xAB, 0xF8, 0x0A,
    0x23, 0x22, 0x21, 0x23, 0x6D, 0xD0, 0x2F, 0x43, 0x3C, 0xF3, 0x00, 0x00,
    0xF2, 0x06, 0x0E, 0x07, 0xB3, 0xF0, 0xA9, 0x11, 0x7E, 0xC8, 0x2E, 0x43,
    0x7D, 0xF3, 0x00, 0x00, 0x22, 0x21, 0x23, 0x27, 0x88, 0x06, 0x41, 0x07,
    0x9E, 0x53, 0x4F, 0x1F, 0x7C, 0xD7, 0x22, 0x46, 0x04, 0xFD, 0x00, 0x00,
    0x22, 0x46, 0x04, 0xFD, 0x22, 0x21, 0x23, 0x22, 0xF2, 0x06, 0x0E, 0x07,
    0xB3, 0xF0, 0xA9, 0x11, 0x7E, 0xC8, 0x2E, 0x43, 0x7D, 0xF3, 0x00, 0x00,
    0xFC, 0x06, 0x56, 0x07, 0x21, 0x23, 0x22, 0x21, 0x5B, 0x5D, 0x80, 0x17,
    0x0B, 0xC7, 0x0B, 0x46, 0x61, 0xFF, 0x00, 0x00, 0xBD, 0x03, 0xEC, 0x06,
    0xF4, 0x03, 0x88, 0x00, 0x23, 0x22, 0x21, 0x23, 0xA9, 0x08, 0x25, 0x21,
    0x14, 0xF5, 0x00, 0x00, 0xBB, 0x03, 0xA9, 0x06, 0x4C, 0x13, 0x39, 0x0B,
    0x8B, 0x0A, 0xB2, 0x25, 0x75, 0xF4, 0x00, 0x00, 0x22, 0x21, 0x23, 0x22,
    0xFD, 0x03, 0xBE, 0x06, 0x33, 0x10, 0x6C, 0x24, 0x39, 0x10, 0x52, 0x24,
    0x1E, 0xF9, 0x00, 0x00, 0xBB, 0x03, 0xA9, 0x06, 0x21, 0x23, 0x22, 0x21,
    0x4C, 0x13, 0x39, 0x0B, 0x8B, 0x0A, 0xB2, 0x25, 0x75, 0xF4, 0x00, 0x00,
    0x01, 0x04, 0x71, 0x06, 0xB8, 0xA7, 0x7B, 0x1A, 0x23, 0x22, 0x21, 0x23,
    0x9B, 0x10, 0x95, 0x29, 0xC4, 0xF8, 0x00, 0x00, 0xFD, 0x03, 0xBE, 0x06,
    0x33, 0x10, 0x6C, 0x24, 0x39, 0x10, 0x52, 0x24, 0x1E, 0xF9, 0x00, 0x00,
    0x22, 0x21, 0x23, 0x22, 0xF4, 0x07, 0x7C, 0x06, 0x15, 0xC8, 0xDA, 0x27,
    0x76, 0xFE, 0x6D, 0x17, 0x05, 0xF6, 0x00, 0x00, 0xB6, 0x07, 0x7E, 0x06,
    0x21, 0x23, 0x22, 0x21, 0xF5, 0x1B, 0x84, 0x24, 0xEA, 0xFE, 0x13, 0x15,
    0x6D, 0x03, 0x00, 0x00, 0xF4, 0x07, 0x88, 0x06, 0x0B, 0xF8, 0x45, 0x15,
    0x23, 0x22, 0x21, 0x23, 0x15, 0xFE, 0x0A, 0x14, 0xB3, 0xF5, 0x00, 0x00,
    0xB6, 0x07, 0x7E, 0x06, 0xF5, 0x1B, 0x84, 0x24, 0xEA, 0xFE, 0x13, 0x15,
    0x6D, 0x03, 0x00, 0x00, 0x22, 0x21, 0x23, 0x22, 0xE8, 0x07, 0xF6, 0x06,
    0x64, 0x53, 0x70, 0x1E, 0x89, 0xFF, 0x41, 0x07, 0x71, 0xF9, 0x00, 0x00,
    0xF4, 0x07, 0x88, 0x06, 0x21, 0x23, 0x22, 0x21, 0x0B, 0xF8, 0x45, 0x15,
    0x15, 0xFE, 0x0A, 0x14, 0xB3, 0xF5, 0x00, 0x00, 0xF2, 0x07, 0x96, 0x07,
    0x40, 0x12, 0x73, 0x09, 0x23, 0x22, 0x21, 0x23, 0xB1, 0x28, 0xD4, 0x3A,
    0xDB, 0x00, 0x00, 0x00, 0xDD, 0x07, 0x5C, 0x07, 0x1A, 0x1B, 0x2D, 0x1A,
    0x82, 0x28, 0xAA, 0x3A, 0x7E, 0xF8, 0x00, 0x00, 0x22, 0x21, 0x23, 0x22,
    0xCE, 0x07, 0xB8, 0x07, 0xC9, 0x02, 0x63, 0x16, 0x5F, 0x2C, 0x02, 0x35,
    0x4D, 0x05, 0x00, 0x00, 0xDD, 0x07, 0x5C, 0x07, 0x21, 0x23, 0x22, 0x21,
    0x1A, 0x1B, 0x2D, 0x1A, 0x82, 0x28, 0xAA, 0x3A, 0x7E, 0xF8, 0x00, 0x00,
    0x9B, 0x07, 0xC1, 0x07, 0x73, 0x18, 0xA3, 0x1C, 0x23, 0x22, 0x21, 0x23,
    0xE5, 0x31, 0x8A, 0x34, 0xC6, 0x04, 0x00, 0x00, 0xCE, 0x07, 0xB8, 0x07,
    0xC9, 0x02, 0x63, 0x16, 0x5F, 0x2C, 0x02, 0x35, 0x4D, 0x05, 0x00, 0x00,
    0x22, 0x21, 0x23, 0x22, 0x78, 0x01, 0x06, 0x05, 0xA2, 0x28, 0xA0, 0x21,
    0x56, 0xEF, 0xA0, 0x50, 0x98, 0x08, 0x00, 0x00, 0x96, 0x01, 0xA1, 0x04,
    0x21, 0x23, 0x22, 0x21, 0x78, 0x81, 0x2E, 0x2B, 0x3B, 0xF3, 0x6F, 0x55,
    0x1B, 0x0E, 0x00, 0x00, 0xD4, 0x01, 0xFE, 0x04, 0xAF, 0x54, 0x1F, 0x22,
    0x23, 0x22, 0x21, 0x23, 0x8B, 0xF0, 0x22, 0x56, 0x61, 0x07, 0x00, 0x00,
    0x96, 0x01, 0xA1, 0x04, 0x78, 0x81, 0x2E, 0x2B, 0x3B, 0xF3, 0x6F, 0x55,
    0x1B, 0x0E, 0x00, 0x00, 0x22, 0x23, 0x22, 0x21, 0x1B, 0x02, 0x86, 0x04,
    0x8B, 0xF3, 0x33, 0x5E, 0xA8, 0x0D, 0x00, 0x00, 0xD4, 0x01, 0xFE, 0x04,
    0xAF, 0x54, 0x1F, 0x22, 0x23, 0x22, 0x21, 0x23, 0x8B, 0xF0, 0x22, 0x56,
    0x61, 0x07, 0x00, 0x00, 0xBC, 0x02, 0x0E, 0x05, 0x24, 0xA1, 0xE9, 0x39,
    0xEF, 0xF5, 0xB3, 0x41, 0x6C, 0xF6, 0x00, 0x00, 0x22, 0x21, 0x23, 0x22,
    0x40, 0x03, 0x3B, 0x05, 0x80, 0x40, 0x08, 0x00, 0x00, 0x00, 0xD5, 0x3F,
    0xC9, 0xF2, 0x00, 0x00, 0xDE, 0x02, 0x84, 0x05, 0x21, 0x23, 0x22, 0x21,
    0x4C, 0xA0, 0x88, 0x34, 0x28, 0xF6, 0x4B, 0x38, 0x23, 0xF3, 0x00, 0x00,
    0x40, 0x03, 0x3B, 0x05, 0x80, 0x40, 0x08, 0x00, 0x23, 0x22, 0x21, 0x23,
    0x00, 0x00, 0xD5, 0x3F, 0xC9, 0xF2, 0x00, 0x00, 0xA1, 0x03, 0x84, 0x05,
    0x4C, 0xA0, 0x88, 0x0B, 0xD8, 0x09, 0x4B, 0x38, 0x23, 0xF3, 0x00, 0x00,
    0x22, 0x21, 0x26, 0x22, 0xDE, 0x02, 0x84, 0x05, 0x4C, 0xA0, 0x88, 0x34,
    0x28, 0xF6, 0x23, 0xF3, 0x22, 0x05, 0xA1, 0x04, 0x21, 0x23, 0x22, 0x21,
    0xFF, 0x45, 0xD0, 0x3F, 0x10, 0xF5, 0xD1, 0x45, 0x9D, 0xFC, 0x00, 0x00,
    0x29, 0x05, 0xF6, 0x04, 0x7B, 0xC1, 0x04, 0x36, 0x23, 0x22, 0x21, 0x23,
    0x47, 0xF4, 0xD0, 0x42, 0x2C, 0x04, 0x00, 0x00, 0xB2, 0x04, 0xA8, 0x04,
    0xC4, 0x65, 0x4F, 0x31, 0x63, 0xF9, 0x83, 0x45, 0x9D, 0xFC, 0x00, 0x00,
    0x22, 0x21, 0x23, 0x22, 0x29, 0x05, 0xF6, 0x04, 0x7B, 0xC1, 0x04, 0x36,
    0x47, 0xF4, 0xD0, 0x42, 0x2C, 0x04, 0x00, 0x00, 0x2D, 0x04, 0xC4, 0x04,
    0x21, 0x23, 0x22, 0x21, 0x8B, 0x11, 0x05, 0x00, 0x00, 0x00, 0xAC, 0x45,
    0x3C, 0x04, 0x00, 0x00, 0xB2, 0x04, 0xA8, 0x04, 0xC4, 0x65, 0x4F, 0x31,
    0x23, 0x22, 0x21, 0x23, 0x63, 0xF9, 0x83, 0x45, 0x9D, 0xFC, 0x00, 0x00,
    0x52, 0x02, 0x91, 0x04, 0x28, 0xEA, 0xEC, 0x3F, 0xBB, 0xE7, 0xE2, 0x59,
    0x6A, 0xF9, 0x00, 0x00, 0x22, 0x21, 0x23, 0x22, 0x47, 0x02, 0x8C, 0x04,
    0x14, 0x22, 0xE2, 0x01, 0x1E, 0xEC, 0x6C, 0x53, 0xB2, 0xF7, 0x00, 0x00,
    0x47, 0x02, 0x91, 0x04, 0x21, 0x23, 0x22, 0x21, 0x3E, 0xB2, 0x42, 0x35,
    0xE1, 0xE7, 0x73, 0x53, 0x4F, 0xF9, 0x00, 0x00, 0x47, 0x02, 0x8C, 0x04,
    0x14, 0x22, 0xE2, 0x01, 0x23, 0x22, 0x21, 0x23, 0x1E, 0xEC, 0x6C, 0x53,
    0xB2, 0xF7, 0x00, 0x00, 0x3D, 0x02, 0x89, 0x04, 0xD9, 0x8A, 0x96, 0x00,
    0x06, 0xEB, 0x2E, 0x4E, 0xC6, 0xFC, 0x00, 0x00, 0x22, 0x21, 0x23, 0x22,
    0x47, 0x02, 0x91, 0x04, 0x3E, 0xB2, 0x42, 0x35, 0xE1, 0xE7, 0x73, 0x53,
    0x4F, 0xF9, 0x00, 0x00, 0x19, 0x01, 0x50, 0x04, 0x21, 0x23, 0x22, 0x21,
    0x7E, 0xFB, 0x8A, 0x28, 0x55, 0xEE, 0xA5, 0x6D, 0x64, 0x01, 0x00, 0x00,
    0x18, 0x01, 0x36, 0x04, 0x00, 0x53, 0x8F, 0x24, 0x23, 0x22, 0x21, 0x23,
    0xAF, 0xEC, 0xF2, 0x5F, 0x97, 0xF1, 0x00, 0x00, 0x22, 0x01, 0x56, 0x04,
    0x43, 0xB8, 0x2C, 0x23, 0xDF, 0xEA, 0x55, 0x68, 0x3A, 0x04, 0x00, 0x00,
    0x22, 0x21, 0x23, 0x22, 0x18, 0x01, 0x36, 0x04, 0x00, 0x53, 0x8F, 0x24,
    0xAF, 0xEC, 0xF2, 0x5F, 0x97, 0xF1, 0x00, 0x00, 0x26, 0x01, 0x54, 0x04,
    0x21, 0x23, 0x22, 0x21, 0xDE, 0x00, 0x52, 0x24, 0x7E, 0xE9, 0x70, 0x61,
    0xD1, 0x03, 0x00, 0x00, 0x22, 0x01, 0x56, 0x04, 0x43, 0xB8, 0x2C, 0x23,
    0x23, 0x22, 0x21, 0x23, 0xDF, 0xEA, 0x55, 0x68, 0x3A, 0x04, 0x00, 0x00,
    0xC8, 0x06, 0x1C, 0x05, 0x20, 0xE4, 0x8A, 0x27, 0xDD, 0x1A, 0x85, 0x39,
    0xF5, 0xFE, 0x00, 0x00, 0x22, 0x21, 0x23, 0x22, 0x80, 0x07, 0x46, 0x04,
    0x3E, 0xE0, 0xF8, 0x0D, 0x0F, 0x0F, 0xAF, 0x41, 0xCA, 0x03, 0x00, 0x00,
    0xE6, 0x06, 0x62, 0x04, 0x21, 0x23, 0x22, 0x21, 0x60, 0xDF, 0x44, 0x17,
    0x38, 0x11, 0x99, 0x39, 0x0D, 0x02, 0x00, 0x00, 0x80, 0x07, 0x46, 0x04,
    0x3E, 0xE0, 0xF8, 0x0D, 0x23, 0x22, 0x21, 0x23, 0x0F, 0x0F, 0xAF, 0x41,
    0xCA, 0x03, 0x00, 0x00, 0x86, 0x07, 0x0E, 0x04, 0x7B, 0xC1, 0x04, 0x0A,
    0xB9, 0x0B, 0xD0, 0x42, 0x2C, 0x04, 0x00, 0x00, 0x22, 0x21, 0x23, 0x22,
    0xE6, 0x06, 0x62, 0x04, 0x60, 0xDF, 0x44, 0x17, 0x38, 0x11, 0x99, 0x39,
    0x0D, 0x02, 0x00, 0x00, 0x38, 0x06, 0x4C, 0x04, 0x21, 0x23, 0x22, 0x21,
    0x06, 0x10, 0xE7, 0x0E, 0x7C, 0x0F, 0xB3, 0x41, 0x6B, 0xF6, 0x00, 0x00,
    0xF2, 0x05, 0x28, 0x05, 0x02, 0x04, 0xCF, 0x1F, 0x23, 0x22, 0x21, 0x23,
    0xBF, 0x1B, 0x3D, 0x46, 0x39, 0xFD, 0x00, 0x00, 0x38, 0x06, 0x1C, 0x05,
    0x08, 0x78, 0x87, 0x0B, 0xE7, 0x1A, 0xD1, 0x41, 0x8E, 0xF6, 0x00, 0x00,
    0x22, 0x21, 0x23, 0x22, 0xF2, 0x05, 0x28, 0x05, 0x02, 0x04, 0xCF, 0x1F,
    0xBF, 0x1B, 0x3D, 0x46, 0x39, 0xFD, 0x00, 0x00, 0x38, 0x06, 0x21, 0x05,
    0x21, 0x23, 0x22, 0x21, 0x06, 0x84, 0xC8, 0x34, 0x4B, 0x1B, 0xCF, 0x41,
    0x90, 0xF6, 0x00, 0x00, 0x38, 0x06, 0x1C, 0x05, 0x08, 0x78, 0x87, 0x0B,
    0x23, 0x22, 0x21, 0x23, 0xE7, 0x1A, 0xD1, 0x41, 0x8E, 0xF6, 0x00, 0x00,
    0x59, 0x02, 0x8E, 0x05, 0x80, 0x35, 0x00, 0x2B, 0xE6, 0xEA, 0xE7, 0x5B,
    0x93, 0xFC, 0x00, 0x00, 0x22, 0x21, 0x23, 0x22, 0x00, 0x02, 0x6C, 0x05,
    0x00, 0xC9, 0x5F, 0x24, 0x3A, 0xEF, 0x15, 0x56, 0x5B, 0x00, 0x00, 0x00,
    0x48, 0x02, 0x54, 0x05, 0x21, 0x23, 0x22, 0x21, 0xFE, 0xE8, 0x80, 0x24,
    0xC8, 0xEE, 0x17, 0x5B, 0x7D, 0x00, 0x00, 0x00, 0x00, 0x02, 0x6C, 0x05,
    0x00, 0xC9, 0x5F, 0x24, 0x23, 0x22, 0x21, 0x23, 0x3A, 0xEF, 0x15, 0x56,
    0x5B, 0x00, 0x00, 0x00, 0x47, 0x02, 0xD6, 0x04, 0xAF, 0x54, 0x1F, 0x22,
    0xF6, 0xF0, 0x9B, 0x5E, 0x29, 0x08, 0x00, 0x00, 0x22, 0x21, 0x23, 0x22,
    0x48, 0x02, 0x54, 0x05, 0xFE, 0xE8, 0x80, 0x24, 0xC8, 0xEE, 0x17, 0x5B,
    0x7D, 0x00, 0x00, 0x00, 0xDD, 0x06, 0xAC, 0x05, 0x21, 0x23, 0x22, 0x21,
    0xF7, 0x5B, 0x24, 0x25, 0xB4, 0xD9, 0x96, 0x3A, 0x9C, 0x00, 0x00, 0x00,
    0xC8, 0x06, 0x1C, 0x05, 0x20, 0xE4, 0x8A, 0x18, 0x23, 0x22, 0x21, 0x23,
    0x23, 0xE5, 0x85, 0x39, 0xF5, 0xFE, 0x00, 0x00, 0x81, 0x07, 0xA9, 0x05,
    0xEC, 0xCF, 0x07, 0x07, 0xED, 0xD9, 0xB3, 0x41, 0x83, 0x03, 0x00, 0x00,
    0x22, 0x21, 0x23, 0x22, 0xC8, 0x06, 0x1C, 0x05, 0x20, 0xE4, 0x8A, 0x18,
    0x23, 0xE5, 0x85, 0x39, 0xF5, 0xFE, 0x00, 0x00, 0x72, 0x07, 0x0C, 0x05,
    0x21, 0x23, 0x22, 0x21, 0xF4, 0xEB, 0xC7, 0x04, 0x5C, 0xE6, 0xA0, 0x40,
    0x5B, 0x03, 0x00, 0x00, 0x81, 0x07, 0xA9, 0x05, 0xEC, 0xCF, 0x07, 0x07,
    0x23, 0x22, 0x21, 0x23, 0xED, 0xD9, 0xB3, 0x41, 0x83, 0x03, 0x00, 0x00,
    0xFD, 0x07, 0x4C, 0x04, 0xEB, 0x43, 0x81, 0x20, 0x6A, 0xF0, 0x58, 0x46,
    0x9A, 0xFC, 0x00, 0x00, 0x22, 0x21, 0x23, 0x22, 0x81, 0x07, 0x47, 0x04,
    0x3E, 0xE0, 0x18, 0x32, 0xF1, 0xF0, 0xAF, 0x41, 0xCA, 0x03, 0x00, 0x00,
    0xFD, 0x07, 0x10, 0x04, 0x21, 0x23, 0x22, 0x21, 0xFF, 0x45, 0xD0, 0x3F,
    0x10, 0xF5, 0xD1, 0x45, 0x9D, 0xFC, 0x00, 0x00, 0x81, 0x07, 0x47, 0x04,
    0x3E, 0xE0, 0x18, 0x32, 0x23, 0x22, 0x21, 0x23, 0xF1, 0xF0, 0xAF, 0x41,
    0xCA, 0x03, 0x00, 0x00, 0x86, 0x07, 0x0C, 0x04, 0x7B, 0xC1, 0x04, 0x36,
    0x47, 0xF4, 0xD0, 0x42, 0x2C, 0x04, 0x00, 0x00, 0x22, 0x21, 0x23, 0x22,
    0xFD, 0x07, 0x10, 0x04, 0xFF, 0x45, 0xD0, 0x3F, 0x10, 0xF5, 0xD1, 0x45,
    0x9D, 0xFC, 0x00, 0x00, 0xEC, 0x00, 0x5C, 0x04, 0x21, 0x23, 0x22, 0x21,
    0x64, 0xB4, 0xC9, 0x12, 0xC4, 0x0A, 0xFA, 0x74, 0xDF, 0x07, 0x00, 0x00,
    0x22, 0x01, 0x56, 0x04, 0x43, 0xB8, 0xEC, 0x1C, 0x23, 0x22, 0x21, 0x23,
    0x21, 0x15, 0x55, 0x68, 0x3A, 0x04, 0x00, 0x00, 0x19, 0x01, 0x50, 0x04,
    0x7E, 0xFB, 0x8A, 0x17, 0xAB, 0x11, 0xA5, 0x6D, 0x64, 0x01, 0x00, 0x00,
    0x22, 0x21, 0x23, 0x22, 0x22, 0x01, 0x56, 0x04, 0x43, 0xB8, 0xEC, 0x1C,
    0x21, 0x15, 0x55, 0x68, 0x3A, 0x04, 0x00, 0x00, 0x18, 0x01, 0x36, 0x04,
    0x21, 0x23, 0x22, 0x21, 0x00, 0x53, 0x8F, 0x1B, 0x51, 0x13, 0xF2, 0x5F,
    0x97, 0xF1, 0x00, 0x00, 0x19, 0x01, 0x50, 0x04, 0x7E, 0xFB, 0x8A, 0x17,
    0x23, 0x22, 0x21, 0x23, 0xAB, 0x11, 0xA5, 0x6D, 0x64, 0x01, 0x00, 0x00,
    0x70, 0x07, 0xF8, 0x04, 0x0B, 0x10, 0x48, 0x3C, 0xEA, 0xE7, 0x7A, 0x40,
    0x58, 0x03, 0x00, 0x00, 0x22, 0x21, 0x23, 0x22, 0x81, 0x07, 0x47, 0x04,
    0x3E, 0xE0, 0x18, 0x32, 0xF1, 0xF0, 0xAF, 0x41, 0xCA, 0x03, 0x00, 0x00,
    0xFD, 0x07, 0x28, 0x05, 0x21, 0x23, 0x22, 0x21, 0x02, 0x04, 0x4F, 0x20,
    0x41, 0xE4, 0x3D, 0x46, 0x39, 0xFD, 0x00, 0x00, 0x81, 0x07, 0x47, 0x04,
    0x3E, 0xE0, 0x18, 0x32, 0x23, 0x22, 0x21, 0x23, 0xF1, 0xF0, 0xAF, 0x41,
    0xCA, 0x03, 0x00, 0x00, 0xFD, 0x07, 0x4C, 0x04, 0xEB, 0x43, 0x81, 0x20,
    0x6A, 0xF0, 0x58, 0x46, 0x9A, 0xFC, 0x00, 0x00, 0x22, 0x21, 0x23, 0x22,
    0xFD, 0x07, 0x28, 0x05, 0x02, 0x04, 0x4F, 0x20, 0x41, 0xE4, 0x3D, 0x46,
    0x39, 0xFD, 0x00, 0x00, 0x08, 0x01, 0x66, 0x04, 0x21, 0x23, 0x22, 0x21,
    0x54, 0x75, 0x8D, 0x15, 0x6E, 0x0C, 0x8F, 0x6F, 0xE1, 0x0D, 0x00, 0x00,
    0x08, 0x01, 0x68, 0x04, 0xB8, 0xC9, 0x00, 0x10, 0x23, 0x22, 0x21, 0x23,
    0x08, 0x0C, 0xB0, 0x65, 0x85, 0x0E, 0x00, 0x00, 0x26, 0x01, 0x54, 0x04,
    0xDE, 0x00, 0xB2, 0x1B, 0x82, 0x16, 0x70, 0x61, 0xD1, 0x03, 0x00, 0x00,
    0x22, 0x21, 0x23, 0x22, 0x08, 0x01, 0x68, 0x04, 0xB8, 0xC9, 0x00, 0x10,
    0x08, 0x0C, 0xB0, 0x65, 0x85, 0x0E, 0x00, 0x00, 0x11, 0x01, 0x5C, 0x04,
    0x21, 0x23, 0x22, 0x21, 0x36, 0x7D, 0x04, 0x12, 0x0A, 0x0F, 0x9B, 0x5E,
    0x29, 0x08, 0x00, 0x00, 0x26, 0x01, 0x54, 0x04, 0xDE, 0x00, 0xB2, 0x1B,
    0x23, 0x22, 0x21, 0x23, 0x82, 0x16, 0x70, 0x61, 0xD1, 0x03, 0x00, 0x00,
    0x71, 0x06, 0x99, 0x07, 0xF2, 0x70, 0x15, 0x2E, 0xCF, 0x37, 0x16, 0x44,
    0x92, 0x07, 0x00, 0x00, 0x22, 0x21, 0x23, 0x22, 0x68, 0x06, 0xC9, 0x07,
    0xC0, 0xF3, 0x96, 0x30, 0x80, 0x30, 0x54, 0x44, 0xB8, 0x07, 0x00, 0x00,
    0xD1, 0x06, 0x8C, 0x07, 0x21, 0x23, 0x22, 0x21, 0x68, 0x4D, 0x45, 0x08,
    0x34, 0x3A, 0x85, 0x3C, 0xFB, 0x06, 0x00, 0x00, 0x68, 0x06, 0xC9, 0x07,
    0xC0, 0xF3, 0x96, 0x30, 0x23, 0x22, 0x21, 0x23, 0x80, 0x30, 0x54, 0x44,
    0xB8, 0x07, 0x00, 0x00, 0x01, 0x07, 0xB9, 0x07, 0xC8, 0x78, 0x06, 0x0E,
    0xDD, 0x33, 0x06, 0x38, 0xCB, 0x05, 0x00, 0x00, 0x22, 0x21, 0x23, 0x22,
    0xD1, 0x06, 0x8C, 0x07, 0x68, 0x4D, 0x45, 0x08, 0x34, 0x3A, 0x85, 0x3C,
    0xFB, 0x06, 0x00, 0x00, 0xD9, 0x03, 0x40, 0x04, 0x21, 0x23, 0x22, 0x21,
    0xFF, 0x45, 0xD0, 0x3F, 0xF0, 0x0A, 0xD1, 0x45, 0x9D, 0xFC, 0x00, 0x00,
    0xC3, 0x03, 0x0E, 0x05, 0x24, 0xA1, 0x29, 0x06, 0x23, 0x22, 0x21, 0x23,
    0x11, 0x0A, 0xB3, 0x41, 0x6C, 0xF6, 0x00, 0x00, 0x88, 0x03, 0x24, 0x04,
    0xC4, 0x65, 0xCF, 0x0E, 0x9D, 0x06, 0x83, 0x45, 0x9D, 0xFC, 0x00, 0x00,
    0x22, 0x21, 0x23, 0x22, 0xC3, 0x03, 0x0E, 0x05, 0x24, 0xA1, 0x29, 0x06,
    0x11, 0x0A, 0xB3, 0x41, 0x6C, 0xF6, 0x00, 0x00, 0x40, 0x03, 0x22, 0x04,
    0x21, 0x23, 0x22, 0x21, 0x23, 0x71, 0x09, 0x00, 0x00, 0x00, 0x8B, 0x45,
    0xC0, 0xF4, 0x00, 0x00, 0x88, 0x03, 0x24, 0x04, 0xC4, 0x65, 0xCF, 0x0E,
    0x23, 0x22, 0x21, 0x23, 0x9D, 0x06, 0x83, 0x45, 0x9D, 0xFC, 0x00, 0x00,
    0xF2, 0x06, 0x0E, 0x07, 0xB3, 0xF0, 0x69, 0x2E, 0x82, 0x37, 0x2E, 0x43,
    0x7D, 0xF3, 0x00, 0x00, 0x22, 0x21, 0x23, 0x22, 0xB3, 0x06, 0x10, 0x07,
    0x98, 0xAB, 0x18, 0x35, 0x93, 0x2F, 0x2F, 0x43, 0x3C, 0xF3, 0x00, 0x00,
    0x88, 0x06, 0x41, 0x07, 0x21, 0x23, 0x22, 0x21, 0x9E, 0x53, 0xCF, 0x20,
    0x84, 0x28, 0x22, 0x46, 0x04, 0xFD, 0x00, 0x00, 0xB3, 0x06, 0x10, 0x07,
    0x98, 0xAB, 0x18, 0x35, 0x23, 0x22, 0x21, 0x23, 0x93, 0x2F, 0x2F, 0x43,
    0x3C, 0xF3, 0x00, 0x00, 0x8C, 0x06, 0x13, 0x07, 0xE8, 0x7A, 0x29, 0x3A,
    0x97, 0x28, 0x9B, 0x41, 0x88, 0xF6, 0x00, 0x00, 0x22, 0x21, 0x23, 0x22,
    0x88, 0x06, 0x41, 0x07, 0x9E, 0x53, 0xCF, 0x20, 0x84, 0x28, 0x22, 0x46,
    0x04, 0xFD, 0x00, 0x00, 0x88, 0x06, 0x96, 0x07, 0x21, 0x23, 0x22, 0x21,
    0xA8, 0x8A, 0x85, 0x08, 0x70, 0xD7, 0xEA, 0x41, 0x8B, 0x03, 0x00, 0x00,
    0x88, 0x06, 0x41, 0x07, 0x9E, 0x53, 0x4F, 0x1F, 0x23, 0x22, 0x21, 0x23,
    0x7C, 0xD7, 0x22, 0x46, 0x04, 0xFD, 0x00, 0x00, 0xC0, 0x06, 0x94, 0x07,
    0xC0, 0xF3, 0x76, 0x0F, 0x80, 0xCF, 0x54, 0x44, 0xB8, 0x07, 0x00, 0x00,
    0x22, 0x21, 0x23, 0x22, 0x88, 0x06, 0x41, 0x07, 0x9E, 0x53, 0x4F, 0x1F,
    0x7C, 0xD7, 0x22, 0x46, 0x04, 0xFD, 0x00, 0x00, 0xFC, 0x06, 0x56, 0x07,
    0x21, 0x23, 0x22, 0x21, 0x5B, 0x5D, 0x80, 0x17, 0x0B, 0xC7, 0x0B, 0x46,
    0x61, 0xFF, 0x00, 0x00, 0xC0, 0x06, 0x94, 0x07, 0xC0, 0xF3, 0x76, 0x0F,
    0x23, 0x22, 0x21, 0x24, 0x80, 0xCF, 0x54, 0x44, 0xB8, 0x07, 0x00, 0x00,
    0x48, 0x07, 0x80, 0x07, 0xF4, 0x31, 0xE0, 0x06, 0xEF, 0xD0, 0x03, 0x00,
    0x22, 0x21, 0x23, 0x22, 0xF1, 0x06, 0x79, 0x07, 0x5B, 0x5D, 0x80, 0x28,
    0xF5, 0x38, 0x0B, 0x46, 0x61, 0xFF, 0x00, 0x00, 0x51, 0x07, 0xC9, 0x07,
    0x21, 0x23, 0x22, 0x21, 0x68, 0x4D, 0x45, 0x08, 0x34, 0x3A, 0x85, 0x3C,
    0xFB, 0x06, 0x00, 0x00, 0xF1, 0x06, 0x79, 0x07, 0x5B, 0x5D, 0x80, 0x28,
    0x23, 0x22, 0x21, 0x23, 0xF5, 0x38, 0x0B, 0x46, 0x61, 0xFF, 0x00, 0x00,
    0xF2, 0x06, 0xCE, 0x07, 0xF2, 0x70, 0x15, 0x2E, 0xCF, 0x37, 0x16, 0x44,
    0x92, 0x07, 0x00, 0x00, 0x22, 0x21, 0x23, 0x22, 0x51, 0x07, 0xC9, 0x07,
    0x68, 0x4D, 0x45, 0x08, 0x34, 0x3A, 0x85, 0x3C, 0xFB, 0x06, 0x00, 0x00,
    0x06, 0x07, 0x01, 0x07, 0x21, 0x23, 0x22, 0x21, 0xB3, 0xF0, 0x69, 0x2E,
    0x82, 0x37, 0x2E, 0x43, 0x7D, 0xF3, 0x00, 0x00, 0xF1, 0x06, 0x79, 0x07,
    0x5B, 0x5D, 0x80, 0x28, 0x23, 0x22, 0x21, 0x23, 0xF5, 0x38, 0x0B, 0x46,
    0x61, 0xFF, 0x00, 0x00, 0x4B, 0x07, 0x10, 0x07, 0xBA, 0x95, 0xAC, 0x08,
    0x0E, 0x3A, 0x97, 0x3C, 0x43, 0xF5, 0x00, 0x00, 0x22, 0x21, 0x23, 0x22,
    0xF1, 0x06, 0x79, 0x07, 0x5B, 0x5D, 0x80, 0x28, 0xF5, 0x38, 0x0B, 0x46,
    0x61, 0xFF, 0x00, 0x00, 0x48, 0x07, 0x80, 0x07, 0x21, 0x24, 0x22, 0x21,
    0xF4, 0x31, 0xE0, 0x06, 0xEF, 0xD0, 0x03, 0x00, 0x4B, 0x07, 0x10, 0x07,
    0xBA, 0x95, 0xAC, 0x08, 0x23, 0x22, 0x27, 0x22, 0x0E, 0x3A, 0x97, 0x3C,
    0x43, 0xF5, 0x00, 0x00, 0xDE, 0x06, 0x7E, 0x07, 0x97, 0x3C, 0x43, 0xF5,
    0xF2, 0x06, 0xAE, 0x07, 0x21, 0x23, 0x22, 0x21, 0x57, 0x60, 0x29, 0x11,
    0xB4, 0x34, 0x4E, 0x39, 0xA7, 0xF4, 0x00, 0x00, 0x80, 0x06, 0x98, 0x07,
    0xB3, 0xF0, 0x69, 0x2E, 0x23, 0x22, 0x21, 0x23, 0x82, 0x37, 0x2E, 0x43,
    0x7D, 0xF3, 0x00, 0x00, 0xF2, 0x06, 0xAE, 0x07, 0x57, 0x60, 0x29, 0x11,
    0xB4, 0x34, 0x4E, 0x39, 0xA7, 0xF4, 0x00, 0x00, 0x22, 0x21, 0x23, 0x22,
    0x68, 0x06, 0xE1, 0x07, 0x98, 0xAB, 0x18, 0x35, 0x93, 0x2F, 0x2F, 0x43,
    0x3C, 0xF3, 0x00, 0x00, 0x80, 0x06, 0x98, 0x07, 0x21, 0x23, 0x22, 0x21,
    0xB3, 0xF0, 0x69, 0x2E, 0x82, 0x37, 0x2E, 0x43, 0x7D, 0xF3, 0x00, 0x00,
    0x20, 0x06, 0x20, 0x07, 0x35, 0x9A, 0x0C, 0x04, 0x23, 0x22, 0x21, 0x23,
    0xA6, 0xDB, 0xDF, 0x41, 0x65, 0xF5, 0x00, 0x00, 0x4E, 0x06, 0x0C, 0x07,
    0xFE, 0x03, 0xB8, 0x3E, 0xB3, 0xD9, 0x4D, 0x3D, 0xC1, 0xF3, 0x00, 0x00,
    0x22, 0x21, 0x27, 0x22, 0x02, 0x06, 0x21, 0x07, 0x21, 0x84, 0x4A, 0x17,
    0x49, 0x45, 0x8B, 0xF5, 0x4E, 0x06, 0x0C, 0x07, 0x21, 0x27, 0x22, 0x21,
    0xFE, 0x03, 0xB8, 0x3E, 0x4D, 0x3D, 0xC1, 0xF3, 0xEB, 0x05, 0x69, 0x07,
    0x26, 0x51, 0x4E, 0x19, 0x23, 0x22, 0x21, 0x23, 0x7C, 0xD7, 0x22, 0x46,
    0x04, 0xFD, 0x00, 0x00, 0x02, 0x06, 0x21, 0x07, 0x21, 0x84, 0x4A, 0x17,
    0xB3, 0xD9, 0x49, 0x45, 0x8B, 0xF5, 0x00, 0x00, 0x22, 0x21, 0x23, 0x22,
    0x80, 0x07, 0x0E, 0x07, 0x57, 0x60, 0xE9, 0x2E, 0x4C, 0xCB, 0x4E, 0x39,
    0xA7, 0xF4, 0x00, 0x00, 0xC0, 0x07, 0x03, 0x07, 0x21, 0x23, 0x22, 0x21,
    0x50, 0x1B, 0x6A, 0x2D, 0xB3, 0xD2, 0x9B, 0x39, 0xC6, 0xF4, 0x00, 0x00,
    0x80, 0x07, 0x86, 0x07, 0xD4, 0xBC, 0xEF, 0x22, 0x23, 0x22, 0x21, 0x23,
    0x32, 0xCA, 0x7A, 0x36, 0x9D, 0xFF, 0x00, 0x00, 0xC0, 0x07, 0x03, 0x07,
    0x50, 0x1B, 0x6A, 0x2D, 0xB3, 0xD2, 0x9B, 0x39, 0xC6, 0xF4, 0x00, 0x00,
    0x22, 0x21, 0x23, 0x22, 0xDD, 0x07, 0x5C, 0x07, 0x1A, 0x1B, 0xED, 0x25,
    0x7E, 0xD7, 0xAA, 0x3A, 0x7E, 0xF8, 0x00, 0x00, 0x80, 0x07, 0x86, 0x07,
    0x21, 0x23, 0x22, 0x21, 0xD4, 0xBC, 0xEF, 0x22, 0x32, 0xCA, 0x7A, 0x36,
    0x9D, 0xFF, 0x00, 0x00, 0x8D, 0x06, 0xA1, 0x07, 0x42, 0xFD, 0x24, 0x31,
    0x23, 0x22, 0x21, 0x23, 0x4F, 0xD7, 0xD4, 0x3A, 0xDB, 0x00, 0x00, 0x00,
    0x8D, 0x06, 0x33, 0x07, 0x7C, 0x71, 0x4D, 0x2D, 0x7E, 0xD7, 0xAA, 0x3A,
    0x7E, 0xF8, 0x00, 0x00, 0x22, 0x21, 0x23, 0x22, 0x8D, 0x06, 0x96, 0x07,
    0xC7, 0xC0, 0xA2, 0x24, 0xB3, 0xD9, 0x21, 0x38, 0x3F, 0x01, 0x00, 0x00,
    0x8D, 0x06, 0x33, 0x07, 0x21, 0x23, 0x22, 0x21, 0x7C, 0x71, 0x4D, 0x2D,
    0x7E, 0xD7, 0xAA, 0x3A, 0x7E, 0xF8, 0x00, 0x00, 0x8B, 0x06, 0x39, 0x07,
    0xDC, 0xC8, 0x9B, 0x28, 0x23, 0x22, 0x21, 0x27, 0xB3, 0xD9, 0x0D, 0x38,
    0x10, 0xF8, 0x00, 0x00, 0x8D, 0x06, 0x96, 0x07, 0xC7, 0xC0, 0xA2, 0x24,
    0x21, 0x38, 0x3F, 0x01, 0x22, 0x21, 0x27, 0x22, 0x04, 0x06, 0xBB, 0x07,
    0x4E, 0xBC, 0x86, 0x10, 0x47, 0x45, 0xB3, 0x03, 0x8D, 0x06, 0xA1, 0x07,
    0x21, 0x23, 0x22, 0x21, 0x42, 0xFD, 0x24, 0x31, 0x4F, 0xD7, 0xD4, 0x3A,
    0xDB, 0x00, 0x00, 0x00, 0x52, 0x06, 0xCC, 0x07, 0x66, 0x7C, 0xC7, 0x36,
    0x23, 0x22, 0x21, 0x23, 0xB3, 0xD9, 0x49, 0x3D, 0x77, 0x05, 0x00, 0x00,
    0x8D, 0x06, 0xA1, 0x07, 0x42, 0xFD, 0x24, 0x31, 0x4F, 0xD7, 0xD4, 0x3A,
    0xDB, 0x00, 0x00, 0x00, 0x22, 0x21, 0x23, 0x22, 0x8D, 0x06, 0x96, 0x07,
    0xC7, 0xC0, 0xA2, 0x24, 0xB3, 0xD9, 0x21, 0x38, 0x3F, 0x01, 0x00, 0x00,
    0x52, 0x06, 0xCC, 0x07, 0x21, 0x27, 0x22, 0x21, 0x66, 0x7C, 0xC7, 0x36,
    0x49, 0x3D, 0x77, 0x05, 0x74, 0x04, 0x76, 0x07, 0x0C, 0x88, 0x6A, 0x17,
    0x23, 0x22, 0x21, 0x23, 0x98, 0xFE, 0xC7, 0x0A, 0x7E, 0x05, 0x00, 0x00,
    0x91, 0x04, 0x5B, 0x07, 0x10, 0x00, 0xA8, 0x3F, 0xCB, 0xF6, 0x4C, 0x0E,
    0x53, 0x09, 0x00, 0x00, 0x22, 0x21, 0x23, 0x22, 0x78, 0x04, 0x30, 0x07,
    0xF3, 0xA4, 0x09, 0x0C, 0x1A, 0xFB, 0xA5, 0x0C, 0xF4, 0x0F, 0x00, 0x00,
    0x91, 0x04, 0x5B, 0x07, 0x21, 0x23, 0x22, 0x21, 0x10, 0x00, 0xA8, 0x3F,
    0xCB, 0xF6, 0x4C, 0x0E, 0x53, 0x09, 0x00, 0x00, 0x78, 0x04, 0x30, 0x07,
    0xDE, 0x60, 0xC9, 0x34, 0x23, 0x22, 0x21, 0x23, 0xD8, 0xF1, 0xBC, 0x0C,
    0x04, 0x10, 0x00, 0x00, 0x78, 0x04, 0x30, 0x07, 0xF3, 0xA4, 0x09, 0x0C,
    0x1A, 0xFB, 0xA5, 0x0C, 0xF4, 0x0F, 0x00, 0x00, 0x22, 0x21, 0x23, 0x22,
    0x5E, 0x04, 0x38, 0x07, 0xE0, 0x00, 0x8F, 0x23, 0x97, 0x00, 0x94, 0x08,
    0x96, 0x0E, 0x00, 0x00, 0x4D, 0x04, 0x06, 0x07, 0x21, 0x23, 0x22, 0x21,
    0xFC, 0x01, 0x0F, 0x00, 0x4D, 0x09, 0x22, 0x07, 0xAF, 0x13, 0x00, 0x00,
    0x78, 0x04, 0x30, 0x07, 0xDE, 0x60, 0xC9, 0x34, 0x23, 0x22, 0x21, 0x23,
    0xE6, 0x04, 0xA5, 0x0C, 0xF4, 0x0F, 0x00, 0x00, 0x4D, 0x04, 0x06, 0x07,
    0xFC, 0x01, 0x0F, 0x00, 0x4D, 0x09, 0x22, 0x07, 0xAF, 0x13, 0x00, 0x00,
    0x22, 0x21, 0x23, 0x22, 0x78, 0x04, 0x30, 0x07, 0xF3, 0xA4, 0x09, 0x0C,
    0x28, 0x0E, 0xBC, 0x0C, 0x04, 0x10, 0x00, 0x00, 0x78, 0x04, 0x30, 0x07,
    0x21, 0x23, 0x22, 0x21, 0xDE, 0x60, 0xC9, 0x34, 0xE6, 0x04, 0xA5, 0x0C,
    0xF4, 0x0F, 0x00, 0x00, 0x40, 0x03, 0xEB, 0x07, 0xB6, 0x88, 0xE2, 0x23,
    0x23, 0x22, 0x21, 0x23, 0xFF, 0xFA, 0xB0, 0x50, 0x68, 0x13, 0x00, 0x00,
    0x26, 0x03, 0xEB, 0x07, 0xD0, 0x50, 0x07, 0x00, 0x00, 0x00, 0x94, 0x4D,
    0x6F, 0x15, 0x00, 0x00, 0x22, 0x21, 0x23, 0x22, 0x38, 0x03, 0xB6, 0x07,
    0xC6, 0x8C, 0x66, 0x32, 0x8C, 0xFC, 0x97, 0x4D, 0x7D, 0x1C, 0x00, 0x00,
    0x26, 0x03, 0xEB, 0x07, 0x21, 0x23, 0x22, 0x21, 0xD0, 0x50, 0x07, 0x00,
    0x00, 0x00, 0x94, 0x4D, 0x6F, 0x15, 0x00, 0x00, 0x13, 0x03, 0xB6, 0x07,
    0xC6, 0x8C, 0xA6, 0x0D, 0x23, 0x22, 0x21, 0x26, 0x74, 0x03, 0x97, 0x4D,
    0x7D, 0x1C, 0x00, 0x00, 0x38, 0x03, 0xB6, 0x07, 0xC6, 0x8C, 0x66, 0x32,
    0x8C, 0xFC, 0x7D, 0x1C, 0x22, 0x21, 0x23, 0x22, 0x80, 0x07, 0x0E, 0x07,
    0x57, 0x60, 0x29, 0x11, 0xB4, 0x34, 0x4E, 0x39, 0xA7, 0xF4, 0x00, 0x00,
    0x51, 0x07, 0x10, 0x07, 0x21, 0x23, 0x22, 0x21, 0xBA, 0x95, 0xAC, 0x08,
    0x0E, 0x3A, 0x97, 0x3C, 0x43, 0xF5, 0x00, 0x00, 0x80, 0x07, 0x86, 0x07,
    0xD4, 0xBC, 0x2F, 0x1D, 0x23, 0x22, 0x21, 0x23, 0xCE, 0x35, 0x7A, 0x36,
    0x9D, 0xFF, 0x00, 0x00, 0x51, 0x07, 0x10, 0x07, 0xBA, 0x95, 0xAC, 0x08,
    0x0E, 0x3A, 0x97, 0x3C, 0x43, 0xF5, 0x00, 0x00, 0x22, 0x21, 0x24, 0x22,
    0x53, 0x07, 0x80, 0x07, 0xF4, 0x31, 0xE0, 0x06, 0xEF, 0xD0, 0x03, 0x00,
    0x80, 0x07, 0x86, 0x07, 0x21, 0x23, 0x22, 0x21, 0xD4, 0xBC, 0x2F, 0x1D,
    0xCE, 0x35, 0x7A, 0x36, 0x9D, 0xFF, 0x00, 0x00, 0xC4, 0x02, 0xA9, 0x06,
    0x4C, 0x13, 0xD9, 0x34, 0x23, 0x22, 0x21, 0x23, 0x75, 0xF5, 0xB2, 0x25,
    0x75, 0xF4, 0x00, 0x00, 0x40, 0x03, 0xC6, 0x06, 0xDC, 0x72, 0x09, 0x00,
    0x00, 0x00, 0xB3, 0x23, 0x2E, 0xF3, 0x00, 0x00, 0x22, 0x21, 0x27, 0x22,
    0x40, 0x03, 0xF4, 0x06, 0x5D, 0x73, 0x08, 0x00, 0x9C, 0x20, 0xB1, 0xF8,
    0x40, 0x03, 0xC6, 0x06, 0x21, 0x27, 0x22, 0x21, 0xDC, 0x72, 0x09, 0x00,
    0xB3, 0x23, 0x2E, 0xF3, 0xBB, 0x03, 0xA9, 0x06, 0x4C, 0x13, 0x39, 0x0B,
    0x23, 0x22, 0x21, 0x23, 0x8B, 0x0A, 0xB2, 0x25, 0x75, 0xF4, 0x00, 0x00,
    0x40, 0x03, 0xF4, 0x06, 0x5D, 0x73, 0x08, 0x00, 0x00, 0x00, 0x9C, 0x20,
    0xB1, 0xF8, 0x00, 0x00, 0x22, 0x21, 0x23, 0x22, 0x9C, 0x05, 0x0E, 0x07,
    0x58, 0x69, 0x45, 0x36, 0x09, 0xFD, 0xF4, 0x4A, 0x0E, 0x14, 0x00, 0x00,
    0x71, 0x05, 0x4E, 0x07, 0x21, 0x23, 0x22, 0x21, 0xD0, 0x81, 0x02, 0x37,
    0xFD, 0xFA, 0x1F, 0x4E, 0x4E, 0x16, 0x00, 0x00, 0x5E, 0x05, 0x29, 0x07,
    0x1E, 0xD1, 0x55, 0x33, 0x23, 0x22, 0x21, 0x23, 0x20, 0xFA, 0x38, 0x4C,
    0x37, 0x13, 0x00, 0x00, 0x71, 0x05, 0x4E, 0x07, 0xD0, 0x81, 0x02, 0x37,
    0xFD, 0xFA, 0x1F, 0x4E, 0x4E, 0x16, 0x00, 0x00, 0x22, 0x21, 0x23, 0x22,
    0x11, 0x05, 0x33, 0x07, 0x2B, 0x21, 0x04, 0x2C, 0x6C, 0xF6, 0xB9, 0x4C,
    0xB7, 0x11, 0x00, 0x00, 0x5E, 0x05, 0x29, 0x07, 0x21, 0x23, 0x22, 0x21,
    0x1E, 0xD1, 0x55, 0x33, 0x20, 0xFA, 0x38, 0x4C, 0x37, 0x13, 0x00, 0x00,
    0x01, 0x07, 0xB9, 0x07, 0xC8, 0x78, 0x06, 0x0E, 0x23, 0x22, 0x21, 0x23,
    0xDD, 0x33, 0x06, 0x38, 0xCB, 0x05, 0x00, 0x00, 0xDD, 0x06, 0xE0, 0x07,
    0x60, 0x6F, 0x87, 0x06, 0x89, 0x2D, 0xA2, 0x3A, 0x3E, 0x08, 0x00, 0x00,
    0x22, 0x21, 0x23, 0x22, 0x21, 0x07, 0xD1, 0x07, 0x73, 0x18, 0xA3, 0x1C,
    0xE5, 0x31, 0x8A, 0x34, 0xC6, 0x04, 0x00, 0x00, 0xDD, 0x06, 0xE0, 0x07,
    0x21, 0x23, 0x22, 0x21, 0x60, 0x6F, 0x87, 0x06, 0x89, 0x2D, 0xA2, 0x3A,
    0x3E, 0x08, 0x00, 0x00, 0x22, 0x07, 0xE9, 0x07, 0xC9, 0x02, 0x63, 0x16,
    0x23, 0x22, 0x21, 0x23, 0x5F, 0x2C, 0x02, 0x35, 0x4D, 0x05, 0x00, 0x00,
    0x21, 0x07, 0xD1, 0x07, 0x73, 0x18, 0xA3, 0x1C, 0xE5, 0x31, 0x8A, 0x34,
    0xC6, 0x04, 0x00, 0x00, 0x22, 0x21, 0x23, 0x22, 0xD4, 0x05, 0xF6, 0x06,
    0x33, 0x10, 0x6C, 0x24, 0x39, 0x10, 0x52, 0x24, 0x1E, 0xF9, 0x00, 0x00,
    0x66, 0x05, 0x86, 0x06, 0x21, 0x23, 0x22, 0x21, 0x8D, 0x53, 0xC1, 0x1E,
    0x96, 0x12, 0x49, 0x28, 0x2E, 0x03, 0x00, 0x00, 0x72, 0x05, 0xDC, 0x06,
    0x86, 0x60, 0x43, 0x24, 0x23, 0x22, 0x21, 0x23, 0x04, 0x11, 0x85, 0x24,
    0x14, 0x02, 0x00, 0x00, 0x66, 0x05, 0x86, 0x06, 0x8D, 0x53, 0xC1, 0x1E,
    0x96, 0x12, 0x49, 0x28, 0x2E, 0x03, 0x00, 0x00, 0x22, 0x21, 0x23, 0x22,
    0xFB, 0x04, 0xBC, 0x06, 0xE0, 0x92, 0x35, 0x0E, 0x2F, 0x0A, 0x73, 0x25,
    0x20, 0x0B, 0x00, 0x00, 0x72, 0x05, 0xDC, 0x06, 0x21, 0x23, 0x22, 0x21,
    0x86, 0x60, 0x43, 0x24, 0x04, 0x11, 0x85, 0x24, 0x14, 0x02, 0x00, 0x00,
    0x1B, 0x06, 0xC9, 0x07, 0xEE, 0x0C, 0x46, 0x31, 0x23, 0x22, 0x21, 0x23,
    0x90, 0x28, 0xEA, 0x41, 0x8B, 0x03, 0x00, 0x00, 0xEB, 0x05, 0x69, 0x07,
    0x26, 0x51, 0xCE, 0x26, 0x84, 0x28, 0x22, 0x46, 0x04, 0xFD, 0x00, 0x00,
    0x21, 0x23, 0x21, 0x23, 0xC4, 0xCC, 0xA0, 0x22, 0x4D, 0x26, 0x14, 0x48,
    0x9F, 0xFC, 0x00, 0x00, 0x26, 0x51, 0xCE, 0x26, 0x84, 0x28, 0x22, 0x46,
    0x04, 0xFD, 0x00, 0x00, 0x22, 0x21, 0x23, 0x22, 0x02, 0x06, 0x21, 0x07,
    0x21, 0x84, 0xCA, 0x28, 0x4D, 0x26, 0x49, 0x45, 0x8B, 0xF5, 0x00, 0x00,
    0xEB, 0x05, 0x69, 0x07, 0x21, 0x27, 0x22, 0x21, 0xC4, 0xCC, 0xA0, 0x22,
    0x14, 0x48, 0x9F, 0xFC, 0xEE, 0x05, 0xF6, 0x06, 0x64, 0x53, 0x70, 0x1E,
    0x23, 0x22, 0x21, 0x23, 0x89, 0xFF, 0x41, 0x07, 0x71, 0xF9, 0x00, 0x00,
    0x48, 0x06, 0xF6, 0x06, 0x08, 0xCE, 0x20, 0x04, 0x31, 0xF8, 0x71, 0x08,
    0x6C, 0xF4, 0x00, 0x00, 0x22, 0x21, 0x23, 0x22, 0xEC, 0x05, 0x99, 0x06,
    0x0B, 0xF8, 0x45, 0x15, 0x15, 0xFE, 0x0A, 0x14, 0xB3, 0xF5, 0x00, 0x00,
    0x48, 0x06, 0xF6, 0x06, 0x21, 0x23, 0x22, 0x21, 0x08, 0xCE, 0x20, 0x04,
    0x31, 0xF8, 0x71, 0x08, 0x6C, 0xF4, 0x00, 0x00, 0x98, 0x06, 0x91, 0x06,
    0xF3, 0xD3, 0x66, 0x2F, 0x23, 0x22, 0x21, 0x23, 0x46, 0xF1, 0xD5, 0x13,
    0x20, 0xF5, 0x00, 0x00, 0xEC, 0x05, 0x99, 0x06, 0x0B, 0xF8, 0x45, 0x15,
    0x15, 0xFE, 0x0A, 0x14, 0xB3, 0xF5, 0x00, 0x00, 0x22, 0x21, 0x23, 0x22,
    0x3C, 0x00, 0xB6, 0x05, 0x3E, 0x13, 0x29, 0x0A, 0xF5, 0x07, 0x63, 0x74,
    0x0E, 0xFE, 0x00, 0x00, 0x86, 0x00, 0xB6, 0x05, 0x21, 0x26, 0x22, 0x21,
    0x3E, 0x13, 0xE9, 0x35, 0x0B, 0xF8, 0x0E, 0xFE, 0x60, 0x00, 0x7E, 0x05,
    0x2C, 0x08, 0x08, 0x00, 0x23, 0x22, 0x21, 0x23, 0x00, 0x00, 0x68, 0x78,
    0xDB, 0x0A, 0x00, 0x00, 0x86, 0x00, 0xB6, 0x05, 0x3E, 0x13, 0xE9, 0x35,
    0x0B, 0xF8, 0x63, 0x74, 0x0E, 0xFE, 0x00, 0x00, 0x22, 0x21, 0x23, 0x22,
    0x94, 0x00, 0x91, 0x05, 0x64, 0xB4, 0x49, 0x2D, 0x3C, 0xF5, 0xFA, 0x74,
    0xDF, 0x07, 0x00, 0x00, 0x60, 0x00, 0x7E, 0x05, 0x21, 0x23, 0x22, 0x21,
    0x2C, 0x08, 0x08, 0x00, 0x00, 0x00, 0x68, 0x78, 0xDB, 0x0A, 0x00, 0x00,
    0x09, 0x04, 0x31, 0x07, 0xAE, 0x41, 0x22, 0x31, 0x23, 0x22, 0x21, 0x26,
    0xC7, 0xF2, 0x00, 0x00, 0x3F, 0x11, 0x00, 0x00, 0x09, 0x04, 0x31, 0x07,
    0xAE, 0x01, 0x72, 0x0F, 0x64, 0xFA, 0x26, 0x11, 0x22, 0x21, 0x23, 0x22,
    0x4D, 0x04, 0x06, 0x07, 0xFC, 0x01, 0x0F, 0x00, 0xB3, 0xF6, 0x22, 0x07,
    0xAF, 0x13, 0x00, 0x00, 0x09, 0x04, 0x31, 0x07, 0x21, 0x23, 0x22, 0x21,
    0xAE, 0x01, 0x72, 0x0F, 0x64, 0xFA, 0x00, 0x00, 0x26, 0x11, 0x00, 0x00,
    0x5E, 0x04, 0x38, 0x07, 0xCC, 0x40, 0x3F, 0x1D, 0x23, 0x22, 0x21, 0x23,
    0x69, 0xFF, 0x94, 0x08, 0x96, 0x0E, 0x00, 0x00, 0x4D, 0x04, 0x06, 0x07,
    0xFC, 0x01, 0x0F, 0x00, 0xB3, 0xF6, 0x22, 0x07, 0xAF, 0x13, 0x00, 0x00,
    0x22, 0x21, 0x23, 0x22, 0xFD, 0x01, 0xA6, 0x05, 0xFE, 0xE8, 0x80, 0x24,
    0x06, 0xF9, 0xB5, 0x52, 0x7C, 0x1C, 0x00, 0x00, 0xA8, 0x01, 0x91, 0x05,
    0x21, 0x23, 0x22, 0x21, 0xFF, 0x59, 0x00, 0x00, 0x00, 0x00, 0x1C, 0x53,
    0x8B, 0x1F, 0x00, 0x00, 0xD2, 0x01, 0xA1, 0x05, 0x1C, 0x21, 0x9A, 0x33,
    0x23, 0x22, 0x21, 0x23, 0x7B, 0xFC, 0xCD, 0x57, 0x26, 0x1D, 0x00, 0x00,
    0xA8, 0x01, 0x91, 0x05, 0xFF, 0x59, 0x00, 0x00, 0x00, 0x00, 0x1C, 0x53,
    0x8B, 0x1F, 0x00, 0x00, 0x22, 0x21, 0x23, 0x22, 0x7D, 0x01, 0xA1, 0x05,
    0x1C, 0x21, 0x7A, 0x0C, 0x85, 0x03, 0xCD, 0x57, 0x26, 0x1D, 0x00, 0x00,
    0xD2, 0x01, 0xA1, 0x05, 0x21, 0x26, 0x22, 0x21, 0x1C, 0x21, 0x9A, 0x33,
    0x7B, 0xFC, 0x26, 0x1D, 0x09, 0x04, 0x48, 0x07, 0x44, 0x20, 0x82, 0x21,
    0x23, 0x22, 0x21, 0x26, 0xDB, 0xEE, 0x00, 0x00, 0x76, 0x0B, 0x00, 0x00,
    0x09, 0x04, 0x31, 0x07, 0xAE, 0x41, 0x22, 0x31, 0xC7, 0xF2, 0x3F, 0x11,
    0x22, 0x21, 0x23, 0x22, 0x61, 0x04, 0x36, 0x07, 0x1C, 0x35, 0xAF, 0x25,
    0xE5, 0xEC, 0xC1, 0x08, 0xB7, 0x0E, 0x00, 0x00, 0x09, 0x04, 0x31, 0x07,
    0x21, 0x23, 0x22, 0x21, 0xAE, 0x41, 0x22, 0x31, 0xC7, 0xF2, 0x00, 0x00,
    0x3F, 0x11, 0x00, 0x00, 0x4D, 0x04, 0x06, 0x07, 0xFC, 0x01, 0x0F, 0x00,
    0x23, 0x22, 0x21, 0x23, 0xB3, 0xF6, 0x22, 0x07, 0xAF, 0x13, 0x00, 0x00,
    0x61, 0x04, 0x36, 0x07, 0x1C, 0x35, 0xAF, 0x25, 0xE5, 0xEC, 0xC1, 0x08,
    0xB7, 0x0E, 0x00, 0x00, 0x22, 0x21, 0x23, 0x22, 0x22, 0x01, 0x48, 0x04,
    0xD4, 0x5F, 0xB4, 0x1A, 0x1A, 0x15, 0xE7, 0x5B, 0x93, 0xFC, 0x00, 0x00,
    0x26, 0x01, 0x54, 0x04, 0x21, 0x23, 0x22, 0x21, 0xDE, 0x00, 0xB2, 0x1B,
    0x82, 0x16, 0x70, 0x61, 0xD1, 0x03, 0x00, 0x00, 0x17, 0x01, 0x50, 0x04,
    0xE6, 0x98, 0xC5, 0x11, 0x23, 0x22, 0x21, 0x23, 0x38, 0x11, 0x17, 0x5B,
    0x7D, 0x00, 0x00, 0x00, 0x26, 0x01, 0x54, 0x04, 0xDE, 0x00, 0xB2, 0x1B,
    0x82, 0x16, 0x70, 0x61, 0xD1, 0x03, 0x00, 0x00, 0x22, 0x21, 0x23, 0x22,
    0x11, 0x01, 0x5C, 0x04, 0x36, 0x7D, 0x04, 0x12, 0x0A, 0x0F, 0x9B, 0x5E,
    0x29, 0x08, 0x00, 0x00, 0x17, 0x01, 0x50, 0x04, 0x21, 0x23, 0x22, 0x21,
    0xE6, 0x98, 0xC5, 0x11, 0x38, 0x11, 0x17, 0x5B, 0x7D, 0x00, 0x00, 0x00,
    0xF4, 0x07, 0x7C, 0x06, 0x15, 0xC8, 0x3A, 0x18, 0x23, 0x22, 0x21, 0x23,
    0x8A, 0x01, 0x6D, 0x17, 0x04, 0xF6, 0x00, 0x00, 0xF4, 0x07, 0x88, 0x06,
    0x0B, 0xF8, 0xC5, 0x2A, 0xEB, 0x01, 0x0A, 0x14, 0xB3, 0xF5, 0x00, 0x00,
    0x22, 0x21, 0x23, 0x22, 0xB6, 0x07, 0x7E, 0x06, 0xF5, 0x1B, 0x84, 0x1B,
    0x16, 0x01, 0x13, 0x15, 0x6D, 0x03, 0x00, 0x00, 0xF4, 0x07, 0x88, 0x06,
    0x21, 0x23, 0x22, 0x21, 0x0B, 0xF8, 0xC5, 0x2A, 0xEB, 0x01, 0x0A, 0x14,
    0xB3, 0xF5, 0x00, 0x00, 0xE8, 0x07, 0xF6, 0x06, 0x64, 0x53, 0x90, 0x21,
    0x23, 0x22, 0x21, 0x23, 0x77, 0x00, 0x41, 0x07, 0x71, 0xF9, 0x00, 0x00,
    0xB6, 0x07, 0x7E, 0x06, 0xF5, 0x1B, 0x84, 0x1B, 0x16, 0x01, 0x13, 0x15,
    0x6D, 0x03, 0x00, 0x00, 0x22, 0x21, 0x23, 0x22, 0x42, 0x02, 0x86, 0x04,
    0xBC, 0x72, 0x55, 0x34, 0x22, 0x0F, 0x95, 0x4F, 0x4E, 0xFC, 0x00, 0x00,
    0x4D, 0x02, 0x89, 0x04, 0x21, 0x23, 0x22, 0x21, 0x44, 0x4A, 0x8D, 0x34,
    0x41, 0x10, 0x03, 0x58, 0xEB, 0xF9, 0x00, 0x00, 0x47, 0x02, 0x8C, 0x04,
    0x14, 0x22, 0x22, 0x3E, 0x23, 0x22, 0x21, 0x23, 0xE2, 0x13, 0x6C, 0x53,
    0xB2, 0xF7, 0x00, 0x00, 0x4D, 0x02, 0x89, 0x04, 0x44, 0x4A, 0x8D, 0x34,
    0x41, 0x10, 0x03, 0x58, 0xEB, 0xF9, 0x00, 0x00, 0x22, 0x21, 0x23, 0x22,
    0x52, 0x02, 0x91, 0x04, 0x28, 0xEA, 0xEC, 0x3F, 0x45, 0x18, 0xE2, 0x59,
    0x6A, 0xF9, 0x00, 0x00, 0x47, 0x02, 0x8C, 0x04, 0x21, 0x23, 0x22, 0x21,
    0x14, 0x22, 0x22, 0x3E, 0xE2, 0x13, 0x6C, 0x53, 0xB2, 0xF7, 0x00, 0x00,
    0x86, 0x07, 0x0E, 0x04, 0x7B, 0xC1, 0x04, 0x0A, 0x23, 0x22, 0x21, 0x23,
    0xB9, 0x0B, 0xD0, 0x42, 0x2C, 0x04, 0x00, 0x00, 0x80, 0x07, 0x46, 0x04,
    0x3E, 0xE0, 0xF8, 0x0D, 0x0F, 0x0F, 0xAF, 0x41, 0xCA, 0x03, 0x00, 0x00,
    0x22, 0x21, 0x23, 0x22, 0xFC, 0x07, 0x10, 0x04, 0xFF, 0x45, 0xD0, 0x3F,
    0xF0, 0x0A, 0xD1, 0x45, 0x9D, 0xFC, 0x00, 0x00, 0x80, 0x07, 0x46, 0x04,
    0x21, 0x23, 0x22, 0x21, 0x3E, 0xE0, 0xF8, 0x0D, 0x0F, 0x0F, 0xAF, 0x41,
    0xCA, 0x03, 0x00, 0x00, 0xFC, 0x07, 0x4C, 0x04, 0xEB, 0x43, 0x81, 0x1F,
    0x23, 0x22, 0x21, 0x23, 0x96, 0x0F, 0x58, 0x46, 0x9A, 0xFC, 0x00, 0x00,
    0xFC, 0x07, 0x10, 0x04, 0xFF, 0x45, 0xD0, 0x3F, 0xF0, 0x0A, 0xD1, 0x45,
    0x9D, 0xFC, 0x00, 0x00, 0x22, 0x21, 0x23, 0x22, 0x34, 0x02, 0x83, 0x04,
    0x8C, 0xAF, 0x06, 0x10, 0x21, 0x0D, 0x64, 0x48, 0xB2, 0x00, 0x00, 0x00,
    0x3E, 0x02, 0x86, 0x04, 0x21, 0x23, 0x22, 0x21, 0xF3, 0x93, 0x42, 0x1E,
    0x55, 0x11, 0x2C, 0x4E, 0xA4, 0x00, 0x00, 0x00, 0x38, 0x02, 0x84, 0x04,
    0x37, 0x80, 0x34, 0x1A, 0x23, 0x22, 0x21, 0x23, 0xEE, 0x0E, 0xCE, 0x49,
    0x2E, 0x06, 0x00, 0x00, 0x3E, 0x02, 0x86, 0x04, 0xF3, 0x93, 0x42, 0x1E,
    0x55, 0x11, 0x2C, 0x4E, 0xA4, 0x00, 0x00, 0x00, 0x22, 0x21, 0x23, 0x22,
    0x42, 0x02, 0x86, 0x04, 0xA2, 0x28, 0x60, 0x1E, 0xAA, 0x10, 0xA0, 0x50,
    0x98, 0x08, 0x00, 0x00, 0x38, 0x02, 0x84, 0x04, 0x21, 0x23, 0x41, 0x40,
    0x37, 0x80, 0x34, 0x1A, 0xEE, 0x0E, 0xCE, 0x49, 0x2E, 0x06, 0x00, 0x00,
    0x01, 0x00, 0x00, 0x00, 0x22, 0x21, 0x23, 0x22, 0xEC, 0x05, 0x76, 0x06,
    0x15, 0xC8, 0xDA, 0x27, 0x76, 0xFE, 0x6D, 0x17, 0x05, 0xF6, 0x00, 0x00,
    0xEC, 0x05, 0x99, 0x06, 0x21, 0x23, 0x22, 0x21, 0x0B, 0xF8, 0x45, 0x15,
    0x15, 0xFE, 0x0A, 0x14, 0xB3, 0xF5, 0x00, 0x00, 0x98, 0x06, 0x91, 0x06,
    0xF3, 0xD3, 0x66, 0x2F, 0x23, 0x22, 0x21, 0x23, 0x46, 0xF1, 0xD5, 0x13,
    0x20, 0xF5, 0x00, 0x00, 0x96, 0x06, 0x6E, 0x06, 0xE3, 0x3B, 0xE9, 0x10,
    0x74, 0xF1, 0x03, 0x18, 0x06, 0xF5, 0x00, 0x00, 0x22, 0x21, 0x23, 0x22,
    0xF2, 0x05, 0x28, 0x05, 0x02, 0x04, 0xCF, 0x1F, 0xBF, 0x1B, 0x3D, 0x46,
    0x39, 0xFD, 0x00, 0x00, 0xF2, 0x05, 0xAE, 0x05, 0x21, 0x23, 0x22, 0x21,
    0x06, 0x08, 0x00, 0x20, 0x49, 0x26, 0x27, 0x46, 0x0C, 0xFD, 0x00, 0x00,
    0x38, 0x06, 0xAE, 0x05, 0x06, 0x84, 0xC8, 0x34, 0x23, 0x22, 0x23, 0x22,
    0x60, 0x26, 0xA4, 0x41, 0x89, 0xF6, 0x00, 0x00, 0x38, 0x06, 0x21, 0x05,
    0x4B, 0x1B, 0xCF, 0x41, 0x90, 0xF6, 0x00, 0x00, 0x8B, 0x06, 0x39, 0x07,
    0x21, 0x23, 0x22, 0x21, 0xDC, 0xC8, 0x7B, 0x17, 0x4D, 0x26, 0x0D, 0x38,
    0x10, 0xF8, 0x00, 0x00, 0x8D, 0x06, 0x96, 0x07, 0xC7, 0xC0, 0x62, 0x1B,
    0x27, 0x22, 0x21, 0x23, 0x21, 0x38, 0x3F, 0x01, 0x90, 0x06, 0x90, 0x07,
    0x88, 0x4A, 0x43, 0x11, 0x5A, 0x24, 0xDB, 0x38, 0x35, 0x01, 0x00, 0x00,
    0x22, 0x21, 0x27, 0x22, 0x8B, 0x06, 0x34, 0x07, 0x52, 0x52, 0x8D, 0x0D,
    0x0B, 0x39, 0x96, 0xF7, 0x28, 0x00, 0x14, 0x06, 0x21, 0x23, 0x22, 0x21,
    0xA8, 0x0A, 0xEB, 0x0C, 0xD4, 0x0B, 0xA5, 0x65, 0xD8, 0xED, 0x00, 0x00,
    0x98, 0x00, 0x14, 0x06, 0xA8, 0x0A, 0x2B, 0x33, 0x26, 0x22, 0x21, 0x23,
    0x2C, 0xF4, 0xD8, 0xED, 0x86, 0x00, 0xB6, 0x05, 0x3E, 0x13, 0xE9, 0x35,
    0x0B, 0xF8, 0x63, 0x74, 0x0E, 0xFE, 0x00, 0x00, 0x22, 0x21, 0x26, 0x22,
    0x3C, 0x00, 0xB6, 0x05, 0x3E, 0x13, 0x29, 0x0A, 0xF5, 0x07, 0x0E, 0xFE,
    0x0D, 0x03, 0x64, 0x07, 0x21, 0x23, 0x22, 0x21, 0x80, 0x35, 0x00, 0x2B,
    0xF3, 0xF3, 0xDE, 0x4F, 0x05, 0x10, 0x00, 0x00, 0x96, 0x02, 0x58, 0x07,
    0xB6, 0x88, 0xE2, 0x23, 0x23, 0x22, 0x21, 0x23, 0xFF, 0xFA, 0xB0, 0x50,
    0x68, 0x13, 0x00, 0x00, 0xBD, 0x02, 0x3C, 0x07, 0x74, 0xA0, 0x4B, 0x26,
    0x14, 0xFC, 0x96, 0x53, 0x1E, 0x12, 0x00, 0x00, 0x22, 0x21, 0x23, 0x22,
    0x18, 0x03, 0x2E, 0x07, 0x78, 0x81, 0x2E, 0x2B, 0x3B, 0xF3, 0x6F, 0x55,
    0x1B, 0x0E, 0x00, 0x00, 0x80, 0x06, 0xAC, 0x05, 0x21, 0x23, 0x22, 0x21,
    0x21, 0xF0, 0xBA, 0x18, 0x32, 0x26, 0x86, 0x3A, 0x7F, 0xF8, 0x00, 0x00,
    0xDD, 0x06, 0xAC, 0x05, 0xF7, 0x5B, 0xE4, 0x1A, 0x23, 0x22, 0x21, 0x23,
    0x4C, 0x26, 0x96, 0x3A, 0x9C, 0x00, 0x00, 0x00, 0xC8, 0x06, 0x1C, 0x05,
    0x20, 0xE4, 0x8A, 0x27, 0xDD, 0x1A, 0x85, 0x39, 0xF5, 0xFE, 0x00, 0x00,
    0x22, 0x21, 0x23, 0x22, 0x82, 0x06, 0x1B, 0x05, 0x21, 0xF0, 0xBA, 0x18,
    0xC4, 0x1A, 0x07, 0x3A, 0x90, 0xF8, 0x00, 0x00, 0xEC, 0x05, 0x76, 0x06,
    0x21, 0x23, 0x22, 0x21, 0x15, 0xC8, 0x3A, 0x18, 0x8A, 0x01, 0x6D, 0x17,
    0x04, 0xF6, 0x00, 0x00, 0x96, 0x06, 0x6E, 0x06, 0xE3, 0x3B, 0x29, 0x2F,
    0x23, 0x22, 0x21, 0x23, 0x8C, 0x0E, 0x03, 0x18, 0x06, 0xF5, 0x00, 0x00,
    0x98, 0x06, 0x91, 0x06, 0xF3, 0xD3, 0xA6, 0x10, 0xBA, 0x0E, 0xD4, 0x13,
    0x20, 0xF5, 0x00, 0x00, 0x22, 0x21, 0x23, 0x22, 0xEC, 0x05, 0x99, 0x06,
    0x0B, 0xF8, 0xC5, 0x2A, 0xEB, 0x01, 0x0A, 0x14, 0xB3, 0xF5, 0x00, 0x00,
    0x8B, 0x06, 0x39, 0x07, 0x21, 0x23, 0x22, 0x21, 0xDC, 0xC8, 0x9B, 0x28,
    0xB3, 0xD9, 0x0D, 0x38, 0x10, 0xF8, 0x00, 0x00, 0x8B, 0x06, 0x34, 0x07,
    0x52, 0x52, 0x8D, 0x32, 0x23, 0x22, 0x21, 0x27, 0xA6, 0xDB, 0x0B, 0x39,
    0x96, 0xF7, 0x00, 0x00, 0x90, 0x06, 0x90, 0x07, 0x88, 0x4A, 0xC3, 0x2E,
    0xDB, 0x38, 0x35, 0x01, 0x22, 0x21, 0x23, 0x22, 0x8D, 0x06, 0x96, 0x07,
    0xC7, 0xC0, 0xA2, 0x24, 0xB3, 0xD9, 0x21, 0x38, 0x3F, 0x01, 0x00, 0x00,
    0x88, 0x02, 0xF9, 0x07, 0x21, 0x23, 0x22, 0x21, 0xDD, 0xCB, 0x37, 0x07,
    0x92, 0x02, 0x80, 0x42, 0x01, 0x09, 0x00, 0x00, 0x98, 0x02, 0xDE, 0x07,
    0x20, 0x09, 0xF6, 0x0A, 0x23, 0x21, 0x26, 0x22, 0xC5, 0x03, 0x33, 0x44,
    0x36, 0x10, 0x00, 0x00, 0x20, 0x09, 0x16, 0x35, 0x3B, 0xFC, 0x36, 0x10,
    0x88, 0x02, 0xF9, 0x07, 0x21, 0x23, 0x22, 0x21, 0xDD, 0xCB, 0xD7, 0x38,
    0x6E, 0xFD, 0x80, 0x42, 0x01, 0x09, 0x00, 0x00, 0x0D, 0x03, 0x64, 0x07,
    0x80, 0x35, 0x00, 0x15, 0x23, 0x22, 0x21, 0x23, 0x0D, 0x0C, 0xDE, 0x4F,
    0x05, 0x10, 0x00, 0x00, 0x18, 0x03, 0x2E, 0x07, 0x78, 0x81, 0xEE, 0x14,
    0xC5, 0x0C, 0x6F, 0x55, 0x1B, 0x0E, 0x00, 0x00, 0x22, 0x21, 0x23, 0x22,
    0xBD, 0x02, 0x3C, 0x07, 0x74, 0xA0, 0xCB, 0x19, 0xEC, 0x03, 0x96, 0x53,
    0x1E, 0x12, 0x00, 0x00, 0x96, 0x02, 0x58, 0x07, 0x21, 0x23, 0x22, 0x21,
    0xB6, 0x88, 0x22, 0x1C, 0x01, 0x05, 0xB0, 0x50, 0x68, 0x13, 0x00, 0x00,
    0xA2, 0x03, 0x3E, 0x06, 0xC5, 0xB3, 0x88, 0x0C, 0x23, 0x22, 0x21, 0x26,
    0xEF, 0x09, 0xDA, 0x2C, 0x7D, 0xF1, 0x00, 0x00, 0xDD, 0x02, 0x3E, 0x06,
    0xC5, 0xB3, 0x88, 0x33, 0x11, 0xF6, 0x7D, 0xF1, 0x22, 0x21, 0x23, 0x22,
    0xDE, 0x02, 0x84, 0x05, 0x4C, 0xA0, 0x88, 0x34, 0x28, 0xF6, 0x4B, 0x38,
    0x23, 0xF3, 0x00, 0x00, 0xA1, 0x03, 0x84, 0x05, 0x21, 0x26, 0x41, 0x40,
    0x4C, 0xA0, 0x88, 0x0B, 0xD8, 0x09, 0x23, 0xF3, 0x00, 0x00, 0x00, 0x00,
    0x22, 0x21, 0x23, 0x22, 0xDB, 0x05, 0x1E, 0x07, 0xA6, 0x8D, 0x04, 0x00,
    0x00, 0x00, 0xAD, 0x4B, 0x32, 0x15, 0x00, 0x00, 0x9C, 0x05, 0x0E, 0x07,
    0x21, 0x23, 0x22, 0x21, 0x58, 0x69, 0xC5, 0x09, 0xF7, 0x02, 0xF4, 0x4A,
    0x0E, 0x14, 0x00, 0x00, 0x71, 0x05, 0x4E, 0x07, 0xD0, 0x81, 0x02, 0x09,
    0x23, 0x22, 0x21, 0x23, 0x03, 0x05, 0x1F, 0x4E, 0x4E, 0x16, 0x00, 0x00,
    0xC8, 0x06, 0x1C, 0x05, 0x20, 0xE4, 0x8A, 0x27, 0xDD, 0x1A, 0x85, 0x39,
    0xF5, 0xFE, 0x00, 0x00, 0x22, 0x21, 0x23, 0x22, 0xDD, 0x06, 0xAC, 0x05,
    0xF7, 0x5B, 0xE4, 0x1A, 0x4C, 0x26, 0x96, 0x3A, 0x9C, 0x00, 0x00, 0x00,
    0x81, 0x07, 0xA9, 0x05, 0x21, 0x23, 0x22, 0x21, 0xEC, 0xCF, 0x07, 0x39,
    0x13, 0x26, 0xB3, 0x41, 0x83, 0x03, 0x00, 0x00, 0x75, 0x00, 0xD9, 0x07,
    0x1B, 0x70, 0x87, 0x34, 0x23, 0x22, 0x21, 0x23, 0x19, 0xF6, 0x6B, 0x49,
    0xAB, 0xF9, 0x00, 0x00, 0xB7, 0x00, 0xC4, 0x07, 0x50, 0x7F, 0x91, 0x22,
    0x0B, 0xF0, 0xF4, 0x4A, 0x1B, 0xF5, 0x00, 0x00, 0x22, 0x21, 0x23, 0x22,
    0x8F, 0x00, 0xD6, 0x07, 0xAE, 0x02, 0x86, 0x00, 0xBA, 0xF3, 0xAD, 0x49,
    0x0E, 0xF2, 0x00, 0x00, 0xF2, 0x05, 0x4C, 0x04, 0x21, 0x23, 0x22, 0x21,
    0xEB, 0x43, 0x81, 0x1F, 0x96, 0x0F, 0x58, 0x46, 0x9A, 0xFC, 0x00, 0x00,
    0x38, 0x06, 0x05, 0x04, 0x24, 0xA1, 0x29, 0x06, 0x23, 0x22, 0x21, 0x23,
    0x11, 0x0A, 0xB3, 0x41, 0x6C, 0xF6, 0x00, 0x00, 0xF2, 0x05, 0x10, 0x04,
    0xFF, 0x45, 0xD0, 0x3F, 0xF0, 0x0A, 0xD1, 0x45, 0x9D, 0xFC, 0x00, 0x00,
    0x22, 0x21, 0x23, 0x22, 0xF9, 0x04, 0x8E, 0x07, 0x64, 0x81, 0x4F, 0x29,
    0x56, 0xF5, 0x4A, 0x51, 0x38, 0x13, 0x00, 0x00, 0xB2, 0x04, 0xAE, 0x07,
    0x21, 0x23, 0x22, 0x21, 0xAC, 0x0E, 0x81, 0x28, 0xFC, 0xF1, 0xED, 0x52,
    0xF6, 0x0D, 0x00, 0x00, 0xC7, 0x04, 0x74, 0x07, 0xC9, 0x03, 0x17, 0x31,
    0x23, 0x22, 0x21, 0x23, 0xEF, 0xF2, 0xFC, 0x4F, 0x0A, 0x0F, 0x00, 0x00,
    0x26, 0x03, 0xEB, 0x07, 0xD0, 0x50, 0x07, 0x00, 0x00, 0x00, 0x94, 0x4D,
    0x6F, 0x15, 0x00, 0x00, 0x22, 0x21, 0x23, 0x22, 0x0C, 0x03, 0xEB, 0x07,
    0xB6, 0x88, 0x22, 0x1C, 0x01, 0x05, 0xB0, 0x50, 0x68, 0x13, 0x00, 0x00,
    0x13, 0x03, 0xB6, 0x07, 0x21, 0x23, 0x22, 0x21, 0xC6, 0x8C, 0xA6, 0x0D,
    0x74, 0x03, 0x97, 0x4D, 0x7D, 0x1C, 0x00, 0x00, 0xF9, 0x04, 0x8E, 0x07,
    0x64, 0x81, 0xCF, 0x16, 0x23, 0x22, 0x21, 0x23, 0xAA, 0x0A, 0x4A, 0x51,
    0x38, 0x13, 0x00, 0x00, 0xC7, 0x04, 0x74, 0x07, 0xC9, 0x03, 0xF7, 0x0E,
    0x11, 0x0D, 0xFC, 0x4F, 0x0A, 0x0F, 0x00, 0x00, 0x22, 0x21, 0x23, 0x22,
    0xB2, 0x04, 0xAE, 0x07, 0xAC, 0x0E, 0x81, 0x17, 0x04, 0x0E, 0xED, 0x52,
    0xF6, 0x0D, 0x00, 0x00, 0x72, 0x07, 0x0C, 0x05, 0x21, 0x23, 0x22, 0x21,
    0xF4, 0xEB, 0x47, 0x3B, 0xA4, 0x19, 0xA0, 0x40, 0x5B, 0x03, 0x00, 0x00,
    0xFC, 0x07, 0x28, 0x05, 0x02, 0x04, 0xCF, 0x1F, 0x23, 0x22, 0x21, 0x23,
    0xBF, 0x1B, 0x3D, 0x46, 0x39, 0xFD, 0x00, 0x00, 0x71, 0x07, 0xF8, 0x04,
    0x0B, 0x10, 0xC8, 0x03, 0x16, 0x18, 0x7A, 0x40, 0x58, 0x03, 0x00, 0x00,
    0x22, 0x21, 0x23, 0x22, 0x1B, 0x06, 0x1C, 0x07, 0xD0, 0xB4, 0x08, 0x02,
    0x69, 0xD7, 0x9B, 0x41, 0x88, 0xF6, 0x00, 0x00, 0xEB, 0x05, 0x69, 0x07,
    0x21, 0x23, 0x22, 0x21, 0x26, 0x51, 0x4E, 0x19, 0x7C, 0xD7, 0x22, 0x46,
    0x04, 0xFD, 0x00, 0x00, 0x4E, 0x06, 0x0C, 0x07, 0xFE, 0x03, 0xB8, 0x3E,
    0x23, 0x22, 0x21, 0x23, 0xB3, 0xD9, 0x4D, 0x3D, 0xC1, 0xF3, 0x00, 0x00,
    0x11, 0x05, 0x33, 0x07, 0x2B, 0x21, 0x04, 0x2C, 0x6C, 0xF6, 0xB9, 0x4C,
    0xB7, 0x11, 0x00, 0x00, 0x22, 0x21, 0x23, 0x22, 0x71, 0x05, 0x4E, 0x07,
    0xD0, 0x81, 0x02, 0x37, 0xFD, 0xFA, 0x1F, 0x4E, 0x4E, 0x16, 0x00, 0x00,
    0xF9, 0x04, 0x8E, 0x07, 0x21, 0x23, 0x22, 0x21, 0x64, 0x81, 0x4F, 0x29,
    0x56, 0xF5, 0x4A, 0x51, 0x38, 0x13, 0x00, 0x00, 0xF9, 0x06, 0x91, 0x07,
    0xF2, 0x70, 0x15, 0x2E, 0x23, 0x22, 0x21, 0x23, 0xCF, 0x37, 0x16, 0x44,
    0x92, 0x07, 0x00, 0x00, 0xFD, 0x06, 0x59, 0x07, 0x5B, 0x5D, 0x80, 0x28,
    0xF5, 0x38, 0x0B, 0x46, 0x61, 0xFF, 0x00, 0x00, 0x22, 0x21, 0x23, 0x22,
    0xC0, 0x06, 0x94, 0x07, 0xC0, 0xF3, 0x96, 0x30, 0x80, 0x30, 0x54, 0x44,
    0xB8, 0x07, 0x00, 0x00, 0xF1, 0x06, 0x79, 0x07, 0x21, 0x23, 0x22, 0x21,
    0x5B, 0x5D, 0x80, 0x17, 0x0B, 0xC7, 0x0B, 0x46, 0x61, 0xFF, 0x00, 0x00,
    0x51, 0x07, 0xC9, 0x07, 0x68, 0x4D, 0xC5, 0x37, 0x23, 0x22, 0x21, 0x23,
    0xCC, 0xC5, 0x85, 0x3C, 0xFB, 0x06, 0x00, 0x00, 0xF2, 0x06, 0xCE, 0x07,
    0xF2, 0x70, 0xF5, 0x11, 0x31, 0xC8, 0x16, 0x44, 0x92, 0x07, 0x00, 0x00,
    0x22, 0x21, 0x23, 0x22, 0x76, 0x03, 0xDE, 0x07, 0x00, 0xFC, 0x07, 0x00,
    0xC4, 0x0F, 0x00, 0x00, 0xB2, 0xF8, 0x00, 0x00, 0xC7, 0x03, 0xCB, 0x07,
    0x26, 0x22, 0x26, 0x22, 0x6F, 0x01, 0x0A, 0xFA, 0xA0, 0x03, 0xF6, 0x07,
    0xE0, 0x07, 0x0B, 0xF5, 0x52, 0x06, 0x18, 0x06, 0x21, 0x23, 0x22, 0x21,
    0xF4, 0x03, 0x88, 0x00, 0xA9, 0x08, 0x25, 0x21, 0x14, 0xF5, 0x00, 0x00,
    0xEB, 0x05, 0x29, 0x06, 0x5D, 0x73, 0x08, 0x00, 0x23, 0x22, 0x21, 0x23,
    0x00, 0x00, 0x9C, 0x20, 0xB1, 0xF8, 0x00, 0x00, 0x5C, 0x06, 0xF1, 0x05,
    0x4C, 0x13, 0x39, 0x0B, 0x8B, 0x0A, 0xB2, 0x25, 0x75, 0xF4, 0x00, 0x00,
    0x22, 0x21, 0x23, 0x22, 0xF9, 0x06, 0x91, 0x07, 0xF2, 0x70, 0xF5, 0x11,
    0x31, 0xC8, 0x16, 0x44, 0x92, 0x07, 0x00, 0x00, 0xC0, 0x06, 0x94, 0x07,
    0x21, 0x23, 0x22, 0x21, 0xC0, 0xF3, 0x76, 0x0F, 0x80, 0xCF, 0x54, 0x44,
    0xB8, 0x07, 0x00, 0x00, 0xFC, 0x06, 0x59, 0x07, 0x5B, 0x5D, 0x80, 0x17,
    0x23, 0x22, 0x21, 0x23, 0x0B, 0xC7, 0x0B, 0x46, 0x61, 0xFF, 0x00, 0x00,
    0x61, 0x04, 0x36, 0x07, 0x1C, 0x35, 0x6F, 0x1A, 0x1B, 0x13, 0xC2, 0x08,
    0xB7, 0x0E, 0x00, 0x00, 0x22, 0x21, 0x23, 0x22, 0x78, 0x04, 0x30, 0x07,
    0xF3, 0xA4, 0x09, 0x0C, 0x28, 0x0E, 0xBC, 0x0C, 0x04, 0x10, 0x00, 0x00,
    0x4D, 0x04, 0x06, 0x07, 0x21, 0x23, 0x22, 0x21, 0xFC, 0x01, 0x0F, 0x00,
    0x4D, 0x09, 0x22, 0x07, 0xAF, 0x13, 0x00, 0x00, 0x88, 0x02, 0xF9, 0x07,
    0xDD, 0xCB, 0x37, 0x07, 0x23, 0x22, 0x21, 0x23, 0x92, 0x02, 0x80, 0x42,
    0x01, 0x09, 0x00, 0x00, 0xF1, 0x02, 0xD8, 0x07, 0x2E, 0xB0, 0x66, 0x11,
    0x0E, 0x0A, 0xDA, 0x45, 0x3B, 0x08, 0x00, 0x00, 0x22, 0x21, 0x23, 0x22,
    0x98, 0x02, 0xDE, 0x07, 0x20, 0x09, 0xF6, 0x0A, 0xC5, 0x03, 0x33, 0x44,
    0x36, 0x10, 0x00, 0x00, 0xDC, 0x01, 0x24, 0x04, 0x21, 0x23, 0x22, 0x21,
    0x80, 0x35, 0x00, 0x15, 0x1A, 0x15, 0xE7, 0x5B, 0x93, 0xFC, 0x00, 0x00,
    0x6E, 0x01, 0x13, 0x04, 0x00, 0xC9, 0xBF, 0x1B, 0x23, 0x22, 0x21, 0x23,
    0xC6, 0x10, 0x15, 0x56, 0x5B, 0x00, 0x00, 0x00, 0xFC, 0x01, 0x5C, 0x04,
    0x80, 0x35, 0x00, 0x15, 0x45, 0x18, 0xE2, 0x59, 0x6A, 0xF9, 0x00, 0x00,
    0x22, 0x23, 0x22, 0x21, 0x0D, 0x03, 0x64, 0x07, 0x0D, 0x0C, 0xDE, 0x4F,
    0x05, 0x10, 0x00, 0x00, 0x4D, 0x03, 0x69, 0x07, 0xA2, 0x28, 0x60, 0x1E,
    0x23, 0x22, 0x21, 0x23, 0xAA, 0x10, 0xA0, 0x50, 0x98, 0x08, 0x00, 0x00,
    0x18, 0x03, 0x2E, 0x07, 0x78, 0x81, 0xEE, 0x14, 0xC5, 0x0C, 0x6F, 0x55,
    0x1B, 0x0E, 0x00, 0x00, 0x22, 0x21, 0x23, 0x22, 0xEB, 0x05, 0x29, 0x06,
    0x5D, 0x73, 0x08, 0x00, 0x00, 0x00, 0x9C, 0x20, 0xB1, 0xF8, 0x00, 0x00,
    0x52, 0x06, 0x18, 0x06, 0x21, 0x23, 0x22, 0x21, 0xF4, 0x03, 0x88, 0x00,
    0x57, 0xF7, 0x25, 0x21, 0x14, 0xF5, 0x00, 0x00, 0x5C, 0x06, 0xF1, 0x05,
    0x4C, 0x13, 0xD9, 0x34, 0x23, 0x22, 0x21, 0x23, 0x75, 0xF5, 0xB2, 0x25,
    0x75, 0xF4, 0x00, 0x00, 0xFB, 0x04, 0xBC, 0x06, 0xE0, 0x92, 0xD5, 0x31,
    0xD1, 0xF5, 0x73, 0x25, 0x20, 0x0B, 0x00, 0x00, 0x22, 0x21, 0x23, 0x22,
    0xF7, 0x04, 0xD9, 0x06, 0x9C, 0x90, 0x07, 0x03, 0x09, 0xF6, 0x0C, 0x22,
    0x88, 0x08, 0x00, 0x00, 0x2D, 0x04, 0xF4, 0x06, 0x21, 0x23, 0x22, 0x21,
    0xA6, 0xEA, 0x05, 0x00, 0x00, 0x00, 0x2E, 0x1F, 0x6F, 0x04, 0x00, 0x00,
    0x76, 0x03, 0xDE, 0x07, 0x00, 0xFC, 0x07, 0x00, 0x23, 0x22, 0x26, 0x22,
    0x3C, 0xF0, 0x00, 0x00, 0xB2, 0xF8, 0x00, 0x00, 0xA0, 0x03, 0xF6, 0x07,
    0x20, 0xF8, 0x0B, 0xF5, 0xC7, 0x03, 0xCB, 0x07, 0x26, 0x22, 0x21, 0x23,
    0x91, 0xFE, 0x0A, 0xFA, 0xE7, 0x00, 0x2F, 0x04, 0x5D, 0x9B, 0x07, 0x00,
    0x00, 0x00, 0xBD, 0x54, 0x35, 0xED, 0x00, 0x00, 0x22, 0x21, 0x27, 0x22,
    0xE7, 0x00, 0x28, 0x04, 0x90, 0x8E, 0x05, 0x00, 0xDE, 0x56, 0x57, 0xE9,
    0x0C, 0x01, 0x32, 0x04, 0x21, 0x23, 0x22, 0x21, 0xFC, 0x42, 0xB5, 0x11,
    0x3B, 0x0D, 0x8F, 0x58, 0x9E, 0xEF, 0x00, 0x00, 0x91, 0x04, 0x5B, 0x07,
    0x10, 0x00, 0xA8, 0x3F, 0x23, 0x22, 0x21, 0x23, 0xCB, 0xF6, 0x4C, 0x0E,
    0x53, 0x09, 0x00, 0x00, 0x61, 0x04, 0x94, 0x07, 0xC8, 0xCB, 0x8D, 0x21,
    0xC5, 0xED, 0xC1, 0x08, 0xAA, 0x01, 0x00, 0x00, 0x22, 0x21, 0x23, 0x22,
    0x78, 0x04, 0x30, 0x07, 0xDE, 0x60, 0xC9, 0x34, 0xD8, 0xF1, 0xBC, 0x0C,
    0x04, 0x10, 0x00, 0x00, 0x0D, 0x03, 0x64, 0x07, 0x21, 0x23, 0x22, 0x21,
    0x80, 0x35, 0x00, 0x2B, 0xF3, 0xF3, 0xDE, 0x4F, 0x05, 0x10, 0x00, 0x00,
    0xCD, 0x02, 0x93, 0x07, 0xAE, 0x41, 0x22, 0x31, 0x23, 0x22, 0x21, 0x23,
    0x7F, 0xF8, 0x27, 0x4B, 0xCF, 0x11, 0x00, 0x00, 0x96, 0x02, 0x58, 0x07,
    0xB6, 0x88, 0xE2, 0x23, 0xFF, 0xFA, 0xB0, 0x50, 0x68, 0x13, 0x00, 0x00,
    0x22, 0x21, 0x23, 0x22, 0x6E, 0x01, 0x13, 0x04, 0x00, 0xC9, 0x5F, 0x24,
    0x3A, 0xEF, 0x15, 0x56, 0x5B, 0x00, 0x00, 0x00, 0x69, 0x01, 0x7B, 0x04,
    0x21, 0x23, 0x22, 0x21, 0x64, 0x81, 0x4F, 0x29, 0x06, 0xEB, 0x2E, 0x4E,
    0xC6, 0xFC, 0x00, 0x00, 0x41, 0x01, 0x4B, 0x04, 0xF3, 0x93, 0xC2, 0x21,
    0x23, 0x22, 0x21, 0x23, 0xAB, 0xEE, 0x2C, 0x4E, 0xA4, 0x00, 0x00, 0x00,
    0x08, 0x00, 0x3B, 0x07, 0x04, 0xF2, 0x00, 0x00, 0x00, 0x00, 0xBD, 0x54,
    0x35, 0xED, 0x00, 0x00, 0x22, 0x21, 0x23, 0x22, 0xBA, 0x00, 0x0C, 0x07,
    0xAC, 0x82, 0xC0, 0x17, 0x41, 0x10, 0x03, 0x58, 0xEB, 0xF9, 0x00, 0x00,
    0x69, 0x00, 0xA0, 0x07, 0x21, 0x23, 0x22, 0x21, 0x4D, 0xF2, 0x6E, 0x10,
    0xE0, 0x08, 0x84, 0x4D, 0xAD, 0xF2, 0x00, 0x00, 0x60, 0x00, 0xE9, 0x07,
    0x2A, 0x5B, 0x55, 0x2C, 0x23, 0x22, 0x21, 0x23, 0x08, 0xF8, 0x39, 0x48,
    0x4D, 0xF0, 0x00, 0x00, 0x28, 0x00, 0xF3, 0x07, 0x14, 0x22, 0xE2, 0x01,
    0x0A, 0xFD, 0x8A, 0x47, 0x5B, 0xEE, 0x00, 0x00, 0x22, 0x21, 0x23, 0x22,
    0x08, 0x00, 0xF9, 0x07, 0xD4, 0xFB, 0x07, 0x00, 0x00, 0x00, 0x21, 0x47,
    0x1D, 0xF8, 0x00, 0x00, 0x75, 0x00, 0xD9, 0x07, 0x21, 0x23, 0x22, 0x21,
    0x1B, 0x70, 0x87, 0x0B, 0xE7, 0x09, 0x6B, 0x49, 0xAB, 0xF9, 0x00, 0x00,
    0xB7, 0x00, 0xC4, 0x07, 0x39, 0xC3, 0xA1, 0x1C, 0x23, 0x22, 0x21, 0x23,
    0xF5, 0x0F, 0xF4, 0x4A, 0x1B, 0xF5, 0x00, 0x00, 0xAE, 0x00, 0x83, 0x07,
    0x88, 0xA3, 0x00, 0x1F, 0x22, 0x0F, 0x95, 0x4F, 0x4E, 0xFC, 0x00, 0x00,
    0x22, 0x21, 0x23, 0x22, 0xD9, 0x00, 0x8E, 0x05, 0x78, 0x81, 0x2E, 0x2B,
    0x8B, 0xF3, 0x33, 0x5E, 0xA8, 0x0D, 0x00, 0x00, 0x1B, 0x01, 0xF1, 0x05,
    0x21, 0x23, 0x22, 0x21, 0x74, 0x55, 0xDD, 0x2C, 0x31, 0xF5, 0x3C, 0x62,
    0x2A, 0x0D, 0x00, 0x00, 0x10, 0x01, 0x86, 0x05, 0xAF, 0x54, 0x1F, 0x22,
    0x23, 0x22, 0x21, 0x23, 0xF6, 0xF0, 0x9B, 0x5E, 0x29, 0x08, 0x00, 0x00,
    0x48, 0x06, 0xF6, 0x06, 0x08, 0xCE, 0x20, 0x04, 0x31, 0xF8, 0x71, 0x08,
    0x6C, 0xF4, 0x00, 0x00, 0x22, 0x21, 0x23, 0x22, 0xB1, 0x06, 0xF6, 0x06,
    0xF4, 0x12, 0xC0, 0x24, 0x7F, 0xEF, 0x11, 0x08, 0x69, 0xF7, 0x00, 0x00,
    0x98, 0x06, 0x91, 0x06, 0x21, 0x23, 0x22, 0x21, 0xF3, 0xD3, 0x66, 0x2F,
    0x46, 0xF1, 0xD5, 0x13, 0x20, 0xF5, 0x00, 0x00, 0x0C, 0x01, 0x32, 0x04,
    0xFC, 0x42, 0x55, 0x2E, 0x23, 0x22, 0x21, 0x23, 0xC5, 0xF2, 0x8F, 0x58,
    0x9E, 0xEF, 0x00, 0x00, 0x13, 0x01, 0x44, 0x04, 0x8C, 0xAF, 0x06, 0x30,
    0xBF, 0xEF, 0x03, 0x58, 0xEB, 0xF9, 0x00, 0x00, 0x22, 0x21, 0x23, 0x22,
    0x22, 0x01, 0x48, 0x04, 0xD4, 0x5F, 0x54, 0x25, 0xE6, 0xEA, 0xE7, 0x5B,
    0x93, 0xFC, 0x00, 0x00, 0x22, 0x07, 0xE9, 0x07, 0x21, 0x23, 0x22, 0x21,
    0xC9, 0x02, 0x63, 0x16, 0x5F, 0x2C, 0x02, 0x35, 0x4D, 0x05, 0x00, 0x00,
    0xDD, 0x06, 0xE0, 0x07, 0x60, 0x6F, 0x87, 0x06, 0x23, 0x22, 0x21, 0x23,
    0x89, 0x2D, 0xA2, 0x3A, 0x3E, 0x08, 0x00, 0x00, 0x99, 0x06, 0x00, 0x08,
    0x40, 0x12, 0x73, 0x09, 0xB1, 0x28, 0xD4, 0x3A, 0xDB, 0x00, 0x00, 0x00,
    0x22, 0x21, 0x23, 0x22, 0xD9, 0x00, 0x8E, 0x05, 0x78, 0x81, 0xEE, 0x14,
    0x75, 0x0C, 0x33, 0x5E, 0xA8, 0x0D, 0x00, 0x00, 0x10, 0x01, 0x86, 0x05,
    0x21, 0x23, 0x22, 0x21, 0xAF, 0x54, 0xFF, 0x1D, 0x0A, 0x0F, 0x9B, 0x5E,
    0x29, 0x08, 0x00, 0x00, 0x1B, 0x01, 0xF1, 0x05, 0x74, 0x55, 0x3D, 0x13,
    0x23, 0x22, 0x21, 0x23, 0xCF, 0x0A, 0x3C, 0x62, 0x2A, 0x0D, 0x00, 0x00,
    0x4D, 0x02, 0x89, 0x04, 0x44, 0x4A, 0x8D, 0x34, 0x41, 0x10, 0x03, 0x58,
    0xEB, 0xF9, 0x00, 0x00, 0x22, 0x21, 0x23, 0x22, 0x53, 0x02, 0x8E, 0x04,
    0xAC, 0x4A, 0x5A, 0x39, 0x1A, 0x15, 0xE7, 0x5B, 0x93, 0xFC, 0x00, 0x00,
    0x52, 0x02, 0x91, 0x04, 0x21, 0x23, 0x41, 0x00, 0x28, 0xEA, 0xEC, 0x3F,
    0x45, 0x18, 0xE2, 0x59, 0x6A, 0xF9, 0x00, 0x00
};
